image,species,Genus,Family,Order,Class,habitat_id
Scarg_u3.jpg,Scatophagus argus,Scatophagus,Scatophagidae,Acanthuriformes,Actinopteri,0
Leequ_u0.jpg,Leiognathus equula,Leiognathus,Leiognathidae,Acanthuriformes,Actinopteri,0
Drpun_u2.jpg,Drepane punctata,Drepane,Drepaneidae,Acanthuriformes,Actinopteri,0
Losur_j1.jpg,Lobotes surinamensis,Lobotes,Lobotidae,Acanthuriformes,Actinopteri,0
Scarg_u0.jpg,Scatophagus argus,Scatophagus,Scatophagidae,Acanthuriformes,Actinopteri,0
Losur_u0.jpg,Lobotes surinamensis,Lobotes,Lobotidae,Acanthuriformes,Actinopteri,0
Sigut_u4.jpg,Siganus guttatus,Siganus,Siganidae,Acanthuriformes,Actinopteri,0
Drpun_u1.jpg,Drepane punctata,Drepane,Drepaneidae,Acanthuriformes,Actinopteri,0
Losur_j0.jpg,Lobotes surinamensis,Lobotes,Lobotidae,Acanthuriformes,Actinopteri,0
Scarg_u1.jpg,Scatophagus argus,Scatophagus,Scatophagidae,Acanthuriformes,Actinopteri,0
Leequ_u6.jpg,Leiognathus equula,Leiognathus,Leiognathidae,Acanthuriformes,Actinopteri,0
Losur_u5.jpg,Lobotes surinamensis,Lobotes,Lobotidae,Acanthuriformes,Actinopteri,0
Sican_u8.jpg,Siganus canaliculatus,Siganus,Siganidae,Acanthuriformes,Actinopteri,0
Sican_u3.jpg,Siganus canaliculatus,Siganus,Siganidae,Acanthuriformes,Actinopteri,0
Sican_j0.jpg,Siganus canaliculatus,Siganus,Siganidae,Acanthuriformes,Actinopteri,0
Sican_u6.jpg,Siganus canaliculatus,Siganus,Siganidae,Acanthuriformes,Actinopteri,0
Sigut_u6.jpg,Siganus guttatus,Siganus,Siganidae,Acanthuriformes,Actinopteri,0
Lespl_u0.jpg,Eubleekeria splendens,Eubleekeria,Leiognathidae,Acanthuriformes,Actinopteri,0
Scarg_u4.jpg,Scatophagus argus,Scatophagus,Scatophagidae,Acanthuriformes,Actinopteri,0
Sican_u5.jpg,Siganus canaliculatus,Siganus,Siganidae,Acanthuriformes,Actinopteri,0
Losur_u7.jpg,Lobotes surinamensis,Lobotes,Lobotidae,Acanthuriformes,Actinopteri,0
Sican_u2.jpg,Siganus canaliculatus,Siganus,Siganidae,Acanthuriformes,Actinopteri,0
Sican_u9.jpg,Siganus canaliculatus,Siganus,Siganidae,Acanthuriformes,Actinopteri,0
Scarg_u9.jpg,Scatophagus argus,Scatophagus,Scatophagidae,Acanthuriformes,Actinopteri,0
Sigut_u0.jpg,Siganus guttatus,Siganus,Siganidae,Acanthuriformes,Actinopteri,0
Losur_u2.jpg,Lobotes surinamensis,Lobotes,Lobotidae,Acanthuriformes,Actinopteri,0
Drpun_u3.jpg,Drepane punctata,Drepane,Drepaneidae,Acanthuriformes,Actinopteri,0
Aufas_u0.jpg,Aurigequula fasciata,Aurigequula,Leiognathidae,Acanthuriformes,Actinopteri,0
Leequ_u1.jpg,Leiognathus equula,Leiognathus,Leiognathidae,Acanthuriformes,Actinopteri,0
Lespl_u1.jpg,Eubleekeria splendens,Eubleekeria,Leiognathidae,Acanthuriformes,Actinopteri,0
Sigut_u3.jpg,Siganus guttatus,Siganus,Siganidae,Acanthuriformes,Actinopteri,0
Losur_u6.jpg,Lobotes surinamensis,Lobotes,Lobotidae,Acanthuriformes,Actinopteri,0
Sican_u0.jpg,Siganus canaliculatus,Siganus,Siganidae,Acanthuriformes,Actinopteri,0
Scarg_u5.jpg,Scatophagus argus,Scatophagus,Scatophagidae,Acanthuriformes,Actinopteri,0
Sigut_u1.jpg,Siganus guttatus,Siganus,Siganidae,Acanthuriformes,Actinopteri,0
Drpun_u0.jpg,Drepane punctata,Drepane,Drepaneidae,Acanthuriformes,Actinopteri,0
Losur_u3.jpg,Lobotes surinamensis,Lobotes,Lobotidae,Acanthuriformes,Actinopteri,0
Sican_u7.jpg,Siganus canaliculatus,Siganus,Siganidae,Acanthuriformes,Actinopteri,0
Sican_u4.jpg,Siganus canaliculatus,Siganus,Siganidae,Acanthuriformes,Actinopteri,0
Lefas_u0.jpg,Aurigequula fasciata,Aurigequula,Leiognathidae,Acanthuriformes,Actinopteri,0
Scarg_u7.jpg,Scatophagus argus,Scatophagus,Scatophagidae,Acanthuriformes,Actinopteri,0
Scarg_u2.jpg,Scatophagus argus,Scatophagus,Scatophagidae,Acanthuriformes,Actinopteri,0
Pican_u5.jpg,Pisodonophis cancrivorus,Pisodonophis,Ophichthidae,Anguilliformes,Actinopteri,0
Pican_u2.jpg,Pisodonophis cancrivorus,Pisodonophis,Ophichthidae,Anguilliformes,Actinopteri,0
Anjap_l0.jpg,Anguilla japonica,Anguilla,Anguillidae,Anguilliformes,Actinopteri,0
Pican_u6.jpg,Pisodonophis cancrivorus,Pisodonophis,Ophichthidae,Anguilliformes,Actinopteri,0
Anjap_u4.jpg,Anguilla japonica,Anguilla,Anguillidae,Anguilliformes,Actinopteri,0
Anjap_u2.jpg,Anguilla japonica,Anguilla,Anguillidae,Anguilliformes,Actinopteri,0
Anjap_u0.jpg,Anguilla japonica,Anguilla,Anguillidae,Anguilliformes,Actinopteri,0
Pican_u0.jpg,Pisodonophis cancrivorus,Pisodonophis,Ophichthidae,Anguilliformes,Actinopteri,0
Anjap_l1.jpg,Anguilla japonica,Anguilla,Anguillidae,Anguilliformes,Actinopteri,0
Anjap_u1.jpg,Anguilla japonica,Anguilla,Anguillidae,Anguilliformes,Actinopteri,0
Heleu_u1.jpg,Hemiculter leucisculus,Hemiculter,Xenocyprididae,Cypriniformes,Actinopteri,0
Heleu_u0.jpg,Hemiculter leucisculus,Hemiculter,Xenocyprididae,Cypriniformes,Actinopteri,0
Heleu_u6.jpg,Hemiculter leucisculus,Hemiculter,Xenocyprididae,Cypriniformes,Actinopteri,0
Heleu_u3.jpg,Hemiculter leucisculus,Hemiculter,Xenocyprididae,Cypriniformes,Actinopteri,0
Heleu_u4.jpg,Hemiculter leucisculus,Hemiculter,Xenocyprididae,Cypriniformes,Actinopteri,0
0bc4a952-b25d-48a7-81e6-c587f5efbff8.jpg,,Gambusia,Poeciliidae,Cyprinodontiformes,Actinopterygii,0
aca73ff1-1603-4462-83b9-3fd552ed4825.jpg,,Gambusia,Poeciliidae,Cyprinodontiformes,Actinopterygii,0
d6bc7617-9385-426a-b857-ab6f4b92ad86.jpg,,Gambusia,Poeciliidae,Cyprinodontiformes,Actinopterygii,0
7d5ed7ef-071c-428f-b0b8-fc52eb36ce4f.jpg,,Gambusia,Poeciliidae,Cyprinodontiformes,Actinopterygii,0
Apfas_m0.jpg,Aphanius fasciatus,Aphanius,Aphaniidae,Cyprinodontiformes,Actinopteri,0
d4c07048-adb6-4233-a002-db9d44309c63.jpg,,Gambusia,Poeciliidae,Cyprinodontiformes,Actinopterygii,0
6e73f3d1-7bec-48da-9677-f306c76cbd97.jpg,,Gambusia,Poeciliidae,Cyprinodontiformes,Actinopterygii,0
0e3f54c7-c628-4216-957c-0302c1b63b3a.jpg,,Gambusia,Poeciliidae,Cyprinodontiformes,Actinopterygii,0
4fa1e7b6-0cd1-4e4f-98a1-8f1d6b3f9ead.jpg,,Gambusia,Poeciliidae,Cyprinodontiformes,Actinopterygii,0
11dcdfde-f1a9-4c9d-bf74-e758e4dc96d0.jpg,,Gambusia,Poeciliidae,Cyprinodontiformes,Actinopterygii,0
03c598ac-2832-4c99-99e9-be8d4720f2cd.jpg,,Gambusia,Poeciliidae,Cyprinodontiformes,Actinopterygii,0
e2b89dd9-fca8-49d3-9d7e-8ea2aea1b7d3.jpg,,Gambusia,Poeciliidae,Cyprinodontiformes,Actinopterygii,0
f6594f5f-4935-4439-871c-bea3e434f46d.jpg,,Gambusia,Poeciliidae,Cyprinodontiformes,Actinopterygii,0
86c31906-6bab-4688-94a0-7cd73dc8c81b.jpg,,Gambusia,Poeciliidae,Cyprinodontiformes,Actinopterygii,0
5b03a56d-14ed-446f-92ad-29667eb377b1.jpg,,Gambusia,Poeciliidae,Cyprinodontiformes,Actinopterygii,0
9d0f635a-0f5a-4c06-b41a-7e6bda38f725.jpg,,Gambusia,Poeciliidae,Cyprinodontiformes,Actinopterygii,0
ce3b618f-edc4-43ba-a0a6-8898bf7633ff.jpg,,Gambusia,Poeciliidae,Cyprinodontiformes,Actinopterygii,0
8bfca575-dd8d-405a-89fd-3747e1665d2e.jpg,,Gambusia,Poeciliidae,Cyprinodontiformes,Actinopterygii,0
0d8ee341-a0e7-40fe-8151-86fdee41a08b.jpg,,Gambusia,Poeciliidae,Cyprinodontiformes,Actinopterygii,0
064f2efd-7fee-4372-a88b-8f399f402eb5.jpg,,Gambusia,Poeciliidae,Cyprinodontiformes,Actinopterygii,0
39eaad97-213f-42a0-8c35-be7f48891371.jpg,,Gambusia,Poeciliidae,Cyprinodontiformes,Actinopterygii,0
3848fc97-59e2-4a96-9093-a071bf0df73f.jpg,,Gambusia,Poeciliidae,Cyprinodontiformes,Actinopterygii,0
74d682ed-5a8e-4f48-a87a-b3d8bb2aaf18.jpg,,Gambusia,Poeciliidae,Cyprinodontiformes,Actinopterygii,0
bb2fdaf4-ddaf-4ade-98d3-af00b8698abe.jpg,,Gambusia,Poeciliidae,Cyprinodontiformes,Actinopterygii,0
08bfdf33-b972-42a9-befc-6848f7dab867.jpg,,Gambusia,Poeciliidae,Cyprinodontiformes,Actinopterygii,0
f7e893f9-f099-4843-ac08-f75a77a59471.jpg,,Gambusia,Poeciliidae,Cyprinodontiformes,Actinopterygii,0
d2571117-4f03-4eb2-8699-b0882396e63c.jpg,,Gambusia,Poeciliidae,Cyprinodontiformes,Actinopterygii,0
132e0a40-71cc-4396-9c0d-7d94aa459d47.jpg,,Gambusia,Poeciliidae,Cyprinodontiformes,Actinopterygii,0
10fc1191-f896-4b6c-ba7f-d0faaad049ba.jpg,,Gambusia,Poeciliidae,Cyprinodontiformes,Actinopterygii,0
3afd6853-de51-4acf-87e0-2d52a6f9b8f9.jpg,,Gambusia,Poeciliidae,Cyprinodontiformes,Actinopterygii,0
f9e144cb-f3ec-4de1-ab36-55b84c0f49f4.jpg,,Gambusia,Poeciliidae,Cyprinodontiformes,Actinopterygii,0
6118b685-280e-4f69-b66c-c04c6934749c.jpg,,Gambusia,Poeciliidae,Cyprinodontiformes,Actinopterygii,0
54745b2d-2445-4753-918d-c7ac026771b0.jpg,,Gambusia,Poeciliidae,Cyprinodontiformes,Actinopterygii,0
ff740b53-d096-4a9f-a499-e7feaf134a9c.jpg,,Gambusia,Poeciliidae,Cyprinodontiformes,Actinopterygii,0
81b6d9e0-bed5-420e-bbe7-150a50a46def.jpg,,Gambusia,Poeciliidae,Cyprinodontiformes,Actinopterygii,0
5483a051-6955-471e-b657-9687bf9f30d0.jpg,,Gambusia,Poeciliidae,Cyprinodontiformes,Actinopterygii,0
78901ad5-8464-458b-ba5e-8726ebf91def.jpg,,Gambusia,Poeciliidae,Cyprinodontiformes,Actinopterygii,0
1f7b42f5-7885-46a2-a7ca-ea925cbdd126.jpg,,Gambusia,Poeciliidae,Cyprinodontiformes,Actinopterygii,0
8e84d1ed-863a-4195-92e7-1c5ca0a2edf2.jpg,,Gambusia,Poeciliidae,Cyprinodontiformes,Actinopterygii,0
3add06ba-dd70-4817-a9ca-45d872c9020f.jpg,,Gambusia,Poeciliidae,Cyprinodontiformes,Actinopterygii,0
e89a431f-722a-4145-b768-71a4f2979009.jpg,,Gambusia,Poeciliidae,Cyprinodontiformes,Actinopterygii,0
9c455f39-09d5-4f4c-a5b7-c8fcff6aad5c.jpg,,Gambusia,Poeciliidae,Cyprinodontiformes,Actinopterygii,0
fa31c9e3-93c9-4d89-a881-6e938a7dc42e.jpg,,Gambusia,Poeciliidae,Cyprinodontiformes,Actinopterygii,0
d57f0173-3fe0-4b90-a09a-6c571ab63ac4.jpg,,Gambusia,Poeciliidae,Cyprinodontiformes,Actinopterygii,0
88d682b5-36ab-42f5-b867-91d432351cdd.jpg,,Gambusia,Poeciliidae,Cyprinodontiformes,Actinopterygii,0
add154d1-3ec7-4b0e-9870-fdad12cbd9d5.jpg,,Gambusia,Poeciliidae,Cyprinodontiformes,Actinopterygii,0
59c58d7f-e4b9-4bab-ae78-6d08418d95e2.jpg,,Gambusia,Poeciliidae,Cyprinodontiformes,Actinopterygii,0
e2fe4e68-7dfc-48fa-a2cd-bbb4e63997df.jpg,,Gambusia,Poeciliidae,Cyprinodontiformes,Actinopterygii,0
c67b5a2a-d131-4656-a66d-2337d4f30597.jpg,,Gambusia,Poeciliidae,Cyprinodontiformes,Actinopterygii,0
872f56ce-9bfb-4e01-af11-835edd620a39.jpg,,Gambusia,Poeciliidae,Cyprinodontiformes,Actinopterygii,0
b7ee3aac-68da-4782-810a-58ed79933657.jpg,,Gambusia,Poeciliidae,Cyprinodontiformes,Actinopterygii,0
2dfe5857-304e-48f8-aeba-1be6291249ea.jpg,,Gambusia,Poeciliidae,Cyprinodontiformes,Actinopterygii,0
8c00845b-37ec-44d1-9312-e561cb684daf.jpg,,Gambusia,Poeciliidae,Cyprinodontiformes,Actinopterygii,0
f17a87a5-daf9-4082-bac0-babd620cf7b1.jpg,,Gambusia,Poeciliidae,Cyprinodontiformes,Actinopterygii,0
7b727c4b-ddf0-48a5-bef1-e9b328ad5ab8.jpg,,Gambusia,Poeciliidae,Cyprinodontiformes,Actinopterygii,0
7a6e3291-e235-4f72-8e12-9cce13b6aa6f.jpg,,Gambusia,Poeciliidae,Cyprinodontiformes,Actinopterygii,0
adf45da8-d346-4e9c-8ada-62e0f6826701.jpg,,Gambusia,Poeciliidae,Cyprinodontiformes,Actinopterygii,0
fde2f7d8-1d8d-44b4-95ba-1bac6a578ca4.jpg,,Gambusia,Poeciliidae,Cyprinodontiformes,Actinopterygii,0
56bd6863-c1fe-4151-958d-0c1b123f1188.jpg,,Gambusia,Poeciliidae,Cyprinodontiformes,Actinopterygii,0
35f187dc-29a4-475e-90bf-d14047e51034.jpg,,Gambusia,Poeciliidae,Cyprinodontiformes,Actinopterygii,0
4756b236-9d9f-420a-9ba0-7e3c740f8e43.jpg,,Gambusia,Poeciliidae,Cyprinodontiformes,Actinopterygii,0
4a2250eb-ce3e-4769-ae35-b6bb298cfe40.jpg,,Gambusia,Poeciliidae,Cyprinodontiformes,Actinopterygii,0
7885f871-cb67-4bd6-a170-9000a737a77f.jpg,,Gambusia,Poeciliidae,Cyprinodontiformes,Actinopterygii,0
1a3a432c-bff3-4918-b092-5b8ed3321b7b.jpg,,Gambusia,Poeciliidae,Cyprinodontiformes,Actinopterygii,0
b497ea32-f5c5-4519-9a05-9249eda512ff.jpg,,Gambusia,Poeciliidae,Cyprinodontiformes,Actinopterygii,0
b7786974-e766-43ca-92d4-1d3fa78bb7cc.jpg,,Gambusia,Poeciliidae,Cyprinodontiformes,Actinopterygii,0
704c4372-cf99-41db-808c-b448f51c7859.jpg,,Gambusia,Poeciliidae,Cyprinodontiformes,Actinopterygii,0
8d89b8af-d44d-40a9-9033-7847aca73980.jpg,,Gambusia,Poeciliidae,Cyprinodontiformes,Actinopterygii,0
0b81ea30-e2d0-4702-a19f-91e15b647189.jpg,,Gambusia,Poeciliidae,Cyprinodontiformes,Actinopterygii,0
4cbc5f37-06c0-47c9-8d14-13b631eb643c.jpg,,Gambusia,Poeciliidae,Cyprinodontiformes,Actinopterygii,0
dbaf5eb0-b87c-4b7d-a61a-219d1009a137.jpg,,Gambusia,Poeciliidae,Cyprinodontiformes,Actinopterygii,0
99df8bdb-4d11-4e8e-8b51-4f0e082ad3c4.jpg,,Gambusia,Poeciliidae,Cyprinodontiformes,Actinopterygii,0
19f6146c-7085-4c9b-8811-10320b9df7c8.jpg,,Gambusia,Poeciliidae,Cyprinodontiformes,Actinopterygii,0
a565f874-72da-4175-bdf3-c46ee454c013.jpg,,Gambusia,Poeciliidae,Cyprinodontiformes,Actinopterygii,0
d639c7d8-5a45-42b5-b9f7-73f9db13055e.jpg,,Gambusia,Poeciliidae,Cyprinodontiformes,Actinopterygii,0
Gaaff_m1.jpg,Gambusia affinis,Gambusia,Poeciliidae,Cyprinodontiformes,Actinopteri,0
f0ff7acf-84cc-4aa3-ae90-24e184ab8dfd.jpg,,Gambusia,Poeciliidae,Cyprinodontiformes,Actinopterygii,0
fc172d17-a198-4fa1-8f2a-8884b552c4b3.jpg,,Gambusia,Poeciliidae,Cyprinodontiformes,Actinopterygii,0
c212b3a0-38e3-4242-89ec-7de703416cf5.jpg,,Gambusia,Poeciliidae,Cyprinodontiformes,Actinopterygii,0
f96ddcda-94e4-4944-af50-f547f2307a64.jpg,,Gambusia,Poeciliidae,Cyprinodontiformes,Actinopterygii,0
55c6d13f-6f0f-43c6-8aea-ab1790f516a2.jpg,,Gambusia,Poeciliidae,Cyprinodontiformes,Actinopterygii,0
Gaaff_m2.jpg,Gambusia affinis,Gambusia,Poeciliidae,Cyprinodontiformes,Actinopteri,0
71f73c9f-d0a8-42e4-860c-6fd7467e20f5.jpg,,Gambusia,Poeciliidae,Cyprinodontiformes,Actinopterygii,0
19cfd96f-e19c-4428-82c4-7a54a1c964a3.jpg,,Gambusia,Poeciliidae,Cyprinodontiformes,Actinopterygii,0
b2667d70-ba08-4eba-bc66-aee0a65a668a.jpg,,Gambusia,Poeciliidae,Cyprinodontiformes,Actinopterygii,0
78969680-5776-4ecc-9b0a-d843e6383ff0.jpg,,Gambusia,Poeciliidae,Cyprinodontiformes,Actinopterygii,0
db35e99f-1346-4c2a-9f81-94f8f3d0d447.jpg,,Gambusia,Poeciliidae,Cyprinodontiformes,Actinopterygii,0
9e987663-9d11-4437-b9f0-8c33055fbe2c.jpg,,Gambusia,Poeciliidae,Cyprinodontiformes,Actinopterygii,0
97cb11a8-7da7-42b8-9c54-8e39eeeadef8.jpg,,Gambusia,Poeciliidae,Cyprinodontiformes,Actinopterygii,0
8da23b71-6409-4296-9b83-f8cf8e61b32d.jpg,,Gambusia,Poeciliidae,Cyprinodontiformes,Actinopterygii,0
5df9a0c2-450b-4a52-af5c-c7af73a7ba66.jpg,,Gambusia,Poeciliidae,Cyprinodontiformes,Actinopterygii,0
49a040a9-ba18-46ca-9a56-addfb788fbca.jpg,,Gambusia,Poeciliidae,Cyprinodontiformes,Actinopterygii,0
d1e65b0a-440e-4d2d-970b-cf725fa1315a.jpg,,Gambusia,Poeciliidae,Cyprinodontiformes,Actinopterygii,0
42483db0-1ad8-4653-82a7-8c15c588879d.jpg,,Gambusia,Poeciliidae,Cyprinodontiformes,Actinopterygii,0
822e8ab8-a5b9-473c-81a6-e91fa7185cd7.jpg,,Gambusia,Poeciliidae,Cyprinodontiformes,Actinopterygii,0
670e30d5-a4c8-406d-a715-d3a205801974.jpg,,Gambusia,Poeciliidae,Cyprinodontiformes,Actinopterygii,0
Gaaff_m0.jpg,Gambusia affinis,Gambusia,Poeciliidae,Cyprinodontiformes,Actinopteri,0
8a799cec-0bf4-4420-a4be-7549f52ec41e.jpg,,Gambusia,Poeciliidae,Cyprinodontiformes,Actinopterygii,0
b73866c6-e1ab-4d92-9f95-0c0159caa26b.jpg,,Gambusia,Poeciliidae,Cyprinodontiformes,Actinopterygii,0
e7c752c3-faea-43c8-86b4-3615e6b0e644.jpg,,Gambusia,Poeciliidae,Cyprinodontiformes,Actinopterygii,0
08facfdd-4d28-4135-90a6-060de3d380f7.jpg,,Gambusia,Poeciliidae,Cyprinodontiformes,Actinopterygii,0
57988b8d-6865-45a9-ad2d-6935d2f2b68f.jpg,,Gambusia,Poeciliidae,Cyprinodontiformes,Actinopterygii,0
f7a4f551-43ac-4cc7-b309-d155df22cd27.jpg,,Gambusia,Poeciliidae,Cyprinodontiformes,Actinopterygii,0
9c23326c-c344-40ef-b1de-b67f1b59d838.jpg,,Gambusia,Poeciliidae,Cyprinodontiformes,Actinopterygii,0
Gaaff_f2.jpg,Gambusia affinis,Gambusia,Poeciliidae,Cyprinodontiformes,Actinopteri,0
6c8a68fe-4b9e-4073-bece-39173d662a3f.jpg,,Gambusia,Poeciliidae,Cyprinodontiformes,Actinopterygii,0
875e35ff-a4b8-4806-a9d5-ad53c766cbb4.jpg,,Gambusia,Poeciliidae,Cyprinodontiformes,Actinopterygii,0
1adbca32-7be1-48d5-b60b-52b886ae68a2.jpg,,Gambusia,Poeciliidae,Cyprinodontiformes,Actinopterygii,0
d67ca601-f86a-48cd-8ceb-d984028d9261.jpg,,Gambusia,Poeciliidae,Cyprinodontiformes,Actinopterygii,0
Gaaff_f0.jpg,Gambusia affinis,Gambusia,Poeciliidae,Cyprinodontiformes,Actinopteri,0
440d43cc-23f9-4c20-a088-017fc8b6328c.jpg,,Gambusia,Poeciliidae,Cyprinodontiformes,Actinopterygii,0
f1cbb62b-eecf-4005-80d9-4981d550caa1.jpg,,Gambusia,Poeciliidae,Cyprinodontiformes,Actinopterygii,0
d7fa8ce4-92eb-41f3-9db1-21c999d5612a.jpg,,Gambusia,Poeciliidae,Cyprinodontiformes,Actinopterygii,0
52b455c1-63ab-4ab6-a388-a9ee364602ef.jpg,,Gambusia,Poeciliidae,Cyprinodontiformes,Actinopterygii,0
714fd5ea-85fc-4596-901d-8c63da5788b7.jpg,,Gambusia,Poeciliidae,Cyprinodontiformes,Actinopterygii,0
73a0fc53-67d5-49c6-b02d-27ab9a4e6515.jpg,,Gambusia,Poeciliidae,Cyprinodontiformes,Actinopterygii,0
04354481-5c2b-41c1-9ce2-8ea0acd2a800.jpg,,Gambusia,Poeciliidae,Cyprinodontiformes,Actinopterygii,0
98ce6c5f-441f-48f2-bfe1-fdf2f2abc2c5.jpg,,Gambusia,Poeciliidae,Cyprinodontiformes,Actinopterygii,0
cc504022-70fe-4b9d-9d9a-695855252256.jpg,,Gambusia,Poeciliidae,Cyprinodontiformes,Actinopterygii,0
95587691-5312-47f1-9e3b-7e11dcc59d4a.jpg,,Gambusia,Poeciliidae,Cyprinodontiformes,Actinopterygii,0
1f059c73-f00a-417d-a731-50061087b03e.jpg,,Gambusia,Poeciliidae,Cyprinodontiformes,Actinopterygii,0
155779d3-189e-4ae8-82dc-fa02f1e82c5e.jpg,,Gambusia,Poeciliidae,Cyprinodontiformes,Actinopterygii,0
a43d3df5-d9b1-42b5-b03f-2c900ef487b7.jpg,,Gambusia,Poeciliidae,Cyprinodontiformes,Actinopterygii,0
772b67a5-ad7e-4d4f-91c4-3fcbf52cd5aa.jpg,,Gambusia,Poeciliidae,Cyprinodontiformes,Actinopterygii,0
882140f5-6b92-4a27-8916-5e9f8820e438.jpg,,Gambusia,Poeciliidae,Cyprinodontiformes,Actinopterygii,0
5df9c1f0-8bb5-4b59-8ee1-e488e1b6a6fe.jpg,,Gambusia,Poeciliidae,Cyprinodontiformes,Actinopterygii,0
1e6b065d-d71e-41f8-97c0-d4c10aa08688.jpg,,Gambusia,Poeciliidae,Cyprinodontiformes,Actinopterygii,0
ecf487be-4c5d-4b66-9614-35408ceae6fc.jpg,,Gambusia,Poeciliidae,Cyprinodontiformes,Actinopterygii,0
37e2ba66-f645-4681-8042-de7fc9f0b0a8.jpg,,Gambusia,Poeciliidae,Cyprinodontiformes,Actinopterygii,0
a104818a-18b3-41ce-bc00-5b0eebd791ee.jpg,,Gambusia,Poeciliidae,Cyprinodontiformes,Actinopterygii,0
c312cff8-2ef4-4a96-9233-833284e7a0c7.jpg,,Gambusia,Poeciliidae,Cyprinodontiformes,Actinopterygii,0
5452b39f-1120-44cf-a9d0-847b4fac78ba.jpg,,Gambusia,Poeciliidae,Cyprinodontiformes,Actinopterygii,0
7db38f2c-4cb3-4990-9f40-042249e7daf9.jpg,,Gambusia,Poeciliidae,Cyprinodontiformes,Actinopterygii,0
feeed08c-7fe2-444f-baa6-3943cefe8540.jpg,,Gambusia,Poeciliidae,Cyprinodontiformes,Actinopterygii,0
d40d4516-5f8c-4b68-8bda-1fa320a64970.jpg,,Gambusia,Poeciliidae,Cyprinodontiformes,Actinopterygii,0
3cac0824-401c-4f45-ad63-a7fec27335bf.jpg,,Gambusia,Poeciliidae,Cyprinodontiformes,Actinopterygii,0
842ee426-ce39-450c-8611-b71ad9e85454.jpg,,Gambusia,Poeciliidae,Cyprinodontiformes,Actinopterygii,0
bf0fcba8-bab8-4c4d-a3de-0c79eba83e18.jpg,,Gambusia,Poeciliidae,Cyprinodontiformes,Actinopterygii,0
1d949d07-6df4-4e99-9ed7-d3dde2662a0f.jpg,,Gambusia,Poeciliidae,Cyprinodontiformes,Actinopterygii,0
2e738498-0352-453c-8192-510f9b8b9ef6.jpg,,Gambusia,Poeciliidae,Cyprinodontiformes,Actinopterygii,0
ca2d2800-f048-4eac-8d52-8886053116a3.jpg,,Gambusia,Poeciliidae,Cyprinodontiformes,Actinopterygii,0
58fed06d-095f-4970-96b1-fdb30a27af21.jpg,,Gambusia,Poeciliidae,Cyprinodontiformes,Actinopterygii,0
860f85ed-8a31-47c7-868c-ee7473c00b5f.jpg,,Gambusia,Poeciliidae,Cyprinodontiformes,Actinopterygii,0
3e92d1dc-b3a0-43d3-bb7d-f241b16e9931.jpg,,Gambusia,Poeciliidae,Cyprinodontiformes,Actinopterygii,0
c606364c-212d-4be9-8ade-157db7b96670.jpg,,Gambusia,Poeciliidae,Cyprinodontiformes,Actinopterygii,0
b244010e-75f5-4253-ba25-8ea96d761f5b.jpg,,Gambusia,Poeciliidae,Cyprinodontiformes,Actinopterygii,0
92089560-1c5e-4dd5-8573-63e5ad468079.jpg,,Gambusia,Poeciliidae,Cyprinodontiformes,Actinopterygii,0
1f958bb8-c4f2-4290-86d2-be384b38fddd.jpg,,Gambusia,Poeciliidae,Cyprinodontiformes,Actinopterygii,0
a56277ff-e7c8-4229-856e-a56c8fc49399.jpg,,Gambusia,Poeciliidae,Cyprinodontiformes,Actinopterygii,0
56cc40e5-8b59-4fe9-aa4c-79bdceba6674.jpg,,Gambusia,Poeciliidae,Cyprinodontiformes,Actinopterygii,0
73490e01-1ac6-459f-8d9c-4665d719affe.jpg,,Gambusia,Poeciliidae,Cyprinodontiformes,Actinopterygii,0
f66dfe04-1adf-49ac-a6b9-8a6317a68fe8.jpg,,Gambusia,Poeciliidae,Cyprinodontiformes,Actinopterygii,0
b765cd7b-d553-4d93-9a86-7b2ab75c61ef.jpg,,Gambusia,Poeciliidae,Cyprinodontiformes,Actinopterygii,0
19220df4-a347-43e1-89ef-bbe321682aa4.jpg,,Gambusia,Poeciliidae,Cyprinodontiformes,Actinopterygii,0
9537f9c5-16c5-429c-9117-d00a1af7502b.jpg,,Gambusia,Poeciliidae,Cyprinodontiformes,Actinopterygii,0
4d0f64c1-0697-4031-b38c-42e5b04c68a4.jpg,,Gambusia,Poeciliidae,Cyprinodontiformes,Actinopterygii,0
162f546b-09f1-41e6-8873-b0ba0df704e0.jpg,,Gambusia,Poeciliidae,Cyprinodontiformes,Actinopterygii,0
83738b54-dc57-4175-8739-6c4bee7240d3.jpg,,Gambusia,Poeciliidae,Cyprinodontiformes,Actinopterygii,0
9f12eeb6-a652-4c6f-a7da-2602745afc1d.jpg,,Gambusia,Poeciliidae,Cyprinodontiformes,Actinopterygii,0
85d47b1b-9805-435f-9bf0-c13425058e51.jpg,,Gambusia,Poeciliidae,Cyprinodontiformes,Actinopterygii,0
3087b774-6e6b-4798-a8db-24bfc38a7514.jpg,,Gambusia,Poeciliidae,Cyprinodontiformes,Actinopterygii,0
9fc1a3c4-d82b-4151-9d7d-bc6b9cb950d4.jpg,,Gambusia,Poeciliidae,Cyprinodontiformes,Actinopterygii,0
141f0507-380a-4b3d-9718-4b2f5e280223.jpg,,Gambusia,Poeciliidae,Cyprinodontiformes,Actinopterygii,0
d8ebac00-64ec-40d7-8ef3-7466305f3138.jpg,,Gambusia,Poeciliidae,Cyprinodontiformes,Actinopterygii,0
508b4b6c-cedc-452d-86b8-0b25af977fa0.jpg,,Gambusia,Poeciliidae,Cyprinodontiformes,Actinopterygii,0
3f4fa195-646f-4f7c-89a3-845356e2603c.jpg,,Gambusia,Poeciliidae,Cyprinodontiformes,Actinopterygii,0
4966d725-c3da-4c6e-b879-09922637eac8.jpg,,Gambusia,Poeciliidae,Cyprinodontiformes,Actinopterygii,0
e8821e0e-d809-489a-ad0a-45ec4762417f.jpg,,Gambusia,Poeciliidae,Cyprinodontiformes,Actinopterygii,0
4d1bc8f6-7be1-438c-9f63-f57d31754052.jpg,,Gambusia,Poeciliidae,Cyprinodontiformes,Actinopterygii,0
f09f1cac-8441-4d0c-8b54-351a4d92b8eb.jpg,,Gambusia,Poeciliidae,Cyprinodontiformes,Actinopterygii,0
Gaaff_f1.jpg,Gambusia affinis,Gambusia,Poeciliidae,Cyprinodontiformes,Actinopteri,0
00904238-3838-409a-be83-4a89630cccce.jpg,,Gambusia,Poeciliidae,Cyprinodontiformes,Actinopterygii,0
98c53db3-b42b-422b-83bc-7de32e474717.jpg,,Gambusia,Poeciliidae,Cyprinodontiformes,Actinopterygii,0
c6bbad1f-9b22-419a-b4c4-1377d98d38fd.jpg,,Gambusia,Poeciliidae,Cyprinodontiformes,Actinopterygii,0
8272abdf-039f-42df-a0fa-8f86e7f209ff.jpg,,Gambusia,Poeciliidae,Cyprinodontiformes,Actinopterygii,0
fe6796a5-c7fe-41e5-94d3-7f0495a9b272.jpg,,Gambusia,Poeciliidae,Cyprinodontiformes,Actinopterygii,0
47bcde86-b042-47b7-904c-4e9b8b9fdcce.jpg,,Gambusia,Poeciliidae,Cyprinodontiformes,Actinopterygii,0
9251aeba-16d8-43c1-81a6-0e1567f59d1b.jpg,,Gambusia,Poeciliidae,Cyprinodontiformes,Actinopterygii,0
c034aa9f-4b2a-40b7-88d6-1e93e4198a68.jpg,,Gambusia,Poeciliidae,Cyprinodontiformes,Actinopterygii,0
f657a649-89a0-4123-bc81-9d9c5784ba3e.jpg,,Gambusia,Poeciliidae,Cyprinodontiformes,Actinopterygii,0
c50268ef-7bd5-4f74-8e6d-bb0236b2baa6.jpg,,Gambusia,Poeciliidae,Cyprinodontiformes,Actinopterygii,0
66ed611c-95fb-4f1a-abb7-b99f7d081f8f.jpg,,Gambusia,Poeciliidae,Cyprinodontiformes,Actinopterygii,0
c2dd9155-a623-460e-b735-ab9c2bc6a766.jpg,,Gambusia,Poeciliidae,Cyprinodontiformes,Actinopterygii,0
00bcc7e8-7d3d-4439-8308-c51ce1e44adf.jpg,,Gambusia,Poeciliidae,Cyprinodontiformes,Actinopterygii,0
9fff9651-2d9c-4795-90f0-41673398d2df.jpg,,Gambusia,Poeciliidae,Cyprinodontiformes,Actinopterygii,0
8b188546-35ec-4f41-ab66-54919bdd0af0.jpg,,Gambusia,Poeciliidae,Cyprinodontiformes,Actinopterygii,0
875f9552-76ba-4d17-ab03-e72e6b5db0d8.jpg,,Gambusia,Poeciliidae,Cyprinodontiformes,Actinopterygii,0
5b00a4a2-58bf-4939-9f82-08369223c20e.jpg,,Gambusia,Poeciliidae,Cyprinodontiformes,Actinopterygii,0
f52967a7-a51e-42ea-91d6-9a4fa52f3333.jpg,,Gambusia,Poeciliidae,Cyprinodontiformes,Actinopterygii,0
7928b6aa-7002-497e-8238-7c2569afc831.jpg,,Gambusia,Poeciliidae,Cyprinodontiformes,Actinopterygii,0
1abb3fdb-553e-450e-8808-d0dfd3dab50d.jpg,,Gambusia,Poeciliidae,Cyprinodontiformes,Actinopterygii,0
f0d135ab-b522-4f06-90a2-50a21d0a6612.jpg,,Gambusia,Poeciliidae,Cyprinodontiformes,Actinopterygii,0
Pomac_u6.jpg,Pomadasys maculatus,Pomadasys,Haemulidae,Eupercaria/misc,Actinopteri,0
Divul_u3.jpg,Diplodus vulgaris,Diplodus,Sparidae,Eupercaria/misc,Actinopteri,0
Sisih_u9.jpg,Sillago sihama,Sillago,Sillaginidae,Eupercaria/misc,Actinopteri,0
Divul_u0.jpg,Diplodus vulgaris,Diplodus,Sparidae,Eupercaria/misc,Actinopteri,0
Disar_u6.jpg,Diplodus sargus,Diplodus,Sparidae,Eupercaria/misc,Actinopteri,0
Larho_u2.jpg,Lagodon rhomboides,Lagodon,Sparidae,Eupercaria/misc,Actinopteri,0
Disar_uf.jpg,Diplodus sargus,Diplodus,Sparidae,Eupercaria/misc,Actinopteri,0
Spaur_u2.jpg,Sparus aurata,Sparus,Sparidae,Eupercaria/misc,Actinopteri,0
Spaur_u4.jpg,Sparus aurata,Sparus,Sparidae,Eupercaria/misc,Actinopteri,0
Divul_j1.jpg,Diplodus vulgaris,Diplodus,Sparidae,Eupercaria/misc,Actinopteri,0
Divul_u5.jpg,Diplodus vulgaris,Diplodus,Sparidae,Eupercaria/misc,Actinopteri,0
Spaur_ud.jpg,Sparus aurata,Sparus,Sparidae,Eupercaria/misc,Actinopteri,0
Gefil_u0.jpg,Gerres filamentosus,Gerres,Gerreidae,Eupercaria/misc,Actinopteri,0
Plgib_u6.jpg,Plectorhinchus gibbosus,Plectorhinchus,Haemulidae,Eupercaria/misc,Actinopteri,0
Pokaa_u0.jpg,Pomadasys kaakan,Pomadasys,Haemulidae,Eupercaria/misc,Actinopteri,0
Euarg_u2.jpg,Eucinostomus argenteus,Eucinostomus,Gerreidae,Eupercaria/misc,Actinopteri,0
Gecin_u4.jpg,Gerres cinereus,Gerres,Gerreidae,Eupercaria/misc,Actinopteri,0
Euplu_u0.jpg,Eugerres plumieri,Eugerres,Gerreidae,Eupercaria/misc,Actinopteri,0
Sisih_u4.jpg,Sillago sihama,Sillago,Sillaginidae,Eupercaria/misc,Actinopteri,0
Pokaa_u5.jpg,Pomadasys kaakan,Pomadasys,Haemulidae,Eupercaria/misc,Actinopteri,0
Geery_u2.jpg,Gerres erythrourus,Gerres,Gerreidae,Eupercaria/misc,Actinopteri,0
Larho_u0.jpg,Lagodon rhomboides,Lagodon,Sparidae,Eupercaria/misc,Actinopteri,0
Divul_u1.jpg,Diplodus vulgaris,Diplodus,Sparidae,Eupercaria/misc,Actinopteri,0
Spaur_ua.jpg,Sparus aurata,Sparus,Sparidae,Eupercaria/misc,Actinopteri,0
Gopag_u2.jpg,Gobius paganellus,Gobius,Gobiidae,Gobiiformes,Actinopteri,0
Gopag_u5.jpg,Gobius paganellus,Gobius,Gobiidae,Gobiiformes,Actinopteri,0
Domac_u2.jpg,Dormitator maculatus,Dormitator,Eleotridae,Gobiiformes,Actinopteri,0
Gopag_u6.jpg,Gobius paganellus,Gobius,Gobiidae,Gobiiformes,Actinopteri,0
Bopec_u1.jpg,Boleophthalmus pectinirostris,Boleophthalmus,Oxudercidae,Gobiiformes,Actinopteri,0
Glbio_u0.jpg,Psammogobius biocellatus,Psammogobius,Gobiidae,Gobiiformes,Actinopteri,0
Rhgiu_u2.jpg,Rhinogobius giurinus,Rhinogobius,Gobiidae,Gobiiformes,Actinopteri,0
Glbio_u3.jpg,Psammogobius biocellatus,Psammogobius,Gobiidae,Gobiiformes,Actinopteri,0
Acvir_u0.jpg,Acentrogobius viridipunctatus,Acentrogobius,Gobiidae,Gobiiformes,Actinopteri,0
Pomar_u0.jpg,Pomatoschistus marmoratus,Pomatoschistus,Gobiidae,Gobiiformes,Actinopteri,0
Gopag_u0.jpg,Gobius paganellus,Gobius,Gobiidae,Gobiiformes,Actinopteri,0
Glbic_f0.jpg,Glossogobius bicirrhosus,Glossogobius,Gobiidae,Gobiiformes,Actinopteri,0
Bopec_u4.jpg,Boleophthalmus pectinirostris,Boleophthalmus,Oxudercidae,Gobiiformes,Actinopteri,0
Bopec_u0.jpg,Boleophthalmus pectinirostris,Boleophthalmus,Oxudercidae,Gobiiformes,Actinopteri,0
Gopag_u8.jpg,Gobius paganellus,Gobius,Gobiidae,Gobiiformes,Actinopteri,0
Parei_u0.jpg,Favonigobius reichei,Favonigobius,Gobiidae,Gobiiformes,Actinopteri,0
Parei_u1.jpg,Favonigobius reichei,Favonigobius,Gobiidae,Gobiiformes,Actinopteri,0
Bopec_u3.jpg,Boleophthalmus pectinirostris,Boleophthalmus,Oxudercidae,Gobiiformes,Actinopteri,0
Yoneb_u2.jpg,Acentrogobius nebulosus,Acentrogobius,Gobiidae,Gobiiformes,Actinopteri,0
Rhgiu_j1.jpg,Rhinogobius giurinus,Rhinogobius,Gobiidae,Gobiiformes,Actinopteri,0
Tacir_u0.jpg,Taenioides cirratus,Taenioides,Gobiidae,Gobiiformes,Actinopteri,0
Glbio_u1.jpg,Psammogobius biocellatus,Psammogobius,Gobiidae,Gobiiformes,Actinopteri,0
Yoneb_u1.jpg,Acentrogobius nebulosus,Acentrogobius,Gobiidae,Gobiiformes,Actinopteri,0
Tacir_u1.jpg,Taenioides cirratus,Taenioides,Gobiidae,Gobiiformes,Actinopteri,0
Gopag_u3.jpg,Gobius paganellus,Gobius,Gobiidae,Gobiiformes,Actinopteri,0
Oppor_u2.jpg,Ophiocara porocephala,Ophiocara,Butidae,Gobiiformes,Actinopteri,0
Bopec_u2.jpg,Boleophthalmus pectinirostris,Boleophthalmus,Oxudercidae,Gobiiformes,Actinopteri,0
Glbic_m0.jpg,Glossogobius bicirrhosus,Glossogobius,Gobiidae,Gobiiformes,Actinopteri,0
Rhgiu_u0.jpg,Rhinogobius giurinus,Rhinogobius,Gobiidae,Gobiiformes,Actinopteri,0
Domac_u1.jpg,Dormitator maculatus,Dormitator,Eleotridae,Gobiiformes,Actinopteri,0
Uptra_ua.jpg,Upeneus tragula,Upeneus,Mullidae,Mulliformes,Actinopteri,0
Upsul_u3.jpg,Upeneus sulphureus,Upeneus,Mullidae,Mulliformes,Actinopteri,0
Upsul_u2.jpg,Upeneus sulphureus,Upeneus,Mullidae,Mulliformes,Actinopteri,0
Uptra_u3.jpg,Upeneus tragula,Upeneus,Mullidae,Mulliformes,Actinopteri,0
Uptra_u5.jpg,Upeneus tragula,Upeneus,Mullidae,Mulliformes,Actinopteri,0
Uptra_j0.jpg,Upeneus tragula,Upeneus,Mullidae,Mulliformes,Actinopteri,0
Upsul_u0.jpg,Upeneus sulphureus,Upeneus,Mullidae,Mulliformes,Actinopteri,0
Uptra_u2.jpg,Upeneus tragula,Upeneus,Mullidae,Mulliformes,Actinopteri,0
Uptra_u9.jpg,Upeneus tragula,Upeneus,Mullidae,Mulliformes,Actinopteri,0
Upsul_u1.jpg,Upeneus sulphureus,Upeneus,Mullidae,Mulliformes,Actinopteri,0
Uptra_u4.jpg,Upeneus tragula,Upeneus,Mullidae,Mulliformes,Actinopteri,0
Dasab_u0.jpg,Hypanus sabinus,Hypanus,Dasyatidae,Myliobatiformes,Elasmobranchii,0
Dasab_u2.jpg,Hypanus sabinus,Hypanus,Dasyatidae,Myliobatiformes,Elasmobranchii,0
b676626c-f176-456e-a1da-cc1335100be5.jpg,,Abudefduf,Pomacentridae,Ovalentaria/misc,Actinopterygii,0
Abvai_u8.jpg,Abudefduf vaigiensis,Abudefduf,Pomacentridae,Ovalentaria/misc,Actinopteri,0
4fce70c4-b8d4-4182-94be-67973ee8649a.jpg,,Abudefduf,Pomacentridae,Ovalentaria/misc,Actinopterygii,0
083b681b-5aec-4e6a-b055-f87ff894a08e.jpg,,Abudefduf,Pomacentridae,Ovalentaria/misc,Actinopterygii,0
913c4c65-3d62-4e68-b189-db56a5d3c2f3.jpg,,Abudefduf,Pomacentridae,Ovalentaria/misc,Actinopterygii,0
a86d2d1d-5e23-46a8-a249-27ae0ce1e94d.jpg,,Abudefduf,Pomacentridae,Ovalentaria/misc,Actinopterygii,0
9b24dc46-62f3-4a9f-a55f-ce368a225f69.jpg,,Abudefduf,Pomacentridae,Ovalentaria/misc,Actinopterygii,0
49c52fa3-6e0c-46b9-a5af-19a770f50938.jpg,,Abudefduf,Pomacentridae,Ovalentaria/misc,Actinopterygii,0
ef7eff7a-d200-4b2b-a4ce-6e3431d02366.jpg,,Abudefduf,Pomacentridae,Ovalentaria/misc,Actinopterygii,0
6ffbda69-0d6d-4ac6-8ff7-cef065a33b40.jpg,,Abudefduf,Pomacentridae,Ovalentaria/misc,Actinopterygii,0
Abvai_u7.jpg,Abudefduf vaigiensis,Abudefduf,Pomacentridae,Ovalentaria/misc,Actinopteri,0
22b3ee09-1139-463e-b0b0-54e698f67aa1.jpg,,Abudefduf,Pomacentridae,Ovalentaria/misc,Actinopterygii,0
5fd52c9f-adb1-442c-bc29-8c5fb55de634.jpg,,Abudefduf,Pomacentridae,Ovalentaria/misc,Actinopterygii,0
8f5e0b21-ff7d-4e81-9a19-73cd876ad99b.jpg,,Abudefduf,Pomacentridae,Ovalentaria/misc,Actinopterygii,0
338bab9c-1d6a-437d-bdfa-12c9dc2c6d71.jpg,,Abudefduf,Pomacentridae,Ovalentaria/misc,Actinopterygii,0
6c335e4d-cef1-4870-9876-01540ffdbd04.jpg,,Abudefduf,Pomacentridae,Ovalentaria/misc,Actinopterygii,0
c36d5d58-a868-4c38-ad2e-11e2dd826a81.jpg,,Abudefduf,Pomacentridae,Ovalentaria/misc,Actinopterygii,0
8d581392-ba86-40a7-ad83-2f5110ea8dcc.jpg,,Abudefduf,Pomacentridae,Ovalentaria/misc,Actinopterygii,0
a23243c2-8522-435c-8210-cdf0df766eb3.jpg,,Abudefduf,Pomacentridae,Ovalentaria/misc,Actinopterygii,0
889bc7f2-a69d-4bc7-8b1c-d2e72ec98c0f.jpg,,Abudefduf,Pomacentridae,Ovalentaria/misc,Actinopterygii,0
d93e3039-0aed-4a6b-a09b-f08901a03c98.jpg,,Abudefduf,Pomacentridae,Ovalentaria/misc,Actinopterygii,0
e13ddd55-259e-4123-9c38-530511aada6f.jpg,,Abudefduf,Pomacentridae,Ovalentaria/misc,Actinopterygii,0
1ad43901-524e-47e6-a3be-90709ce411eb.jpg,,Abudefduf,Pomacentridae,Ovalentaria/misc,Actinopterygii,0
dc27c1c4-e6a2-4f2a-990b-559d78eed235.jpg,,Abudefduf,Pomacentridae,Ovalentaria/misc,Actinopterygii,0
4bc0bc56-701a-4872-b841-b86c1cdc3999.jpg,,Abudefduf,Pomacentridae,Ovalentaria/misc,Actinopterygii,0
ef79ec39-9d4b-4da7-9c0b-1963f13a8ce8.jpg,,Abudefduf,Pomacentridae,Ovalentaria/misc,Actinopterygii,0
ad45bd3c-5573-47e5-8279-0b79dc1553a7.jpg,,Abudefduf,Pomacentridae,Ovalentaria/misc,Actinopterygii,0
c0aade30-ede4-4fb5-b69a-56d99f9888ba.jpg,,Abudefduf,Pomacentridae,Ovalentaria/misc,Actinopterygii,0
7af0117e-bfb9-49f9-b09b-391a2fbe3e16.jpg,,Abudefduf,Pomacentridae,Ovalentaria/misc,Actinopterygii,0
65dc15db-5c24-449c-8eba-2d16701faba6.jpg,,Abudefduf,Pomacentridae,Ovalentaria/misc,Actinopterygii,0
22e00797-9baf-470c-884b-7c0e4a20e98d.jpg,,Abudefduf,Pomacentridae,Ovalentaria/misc,Actinopterygii,0
8bd3ed7b-3bf2-4ad6-9638-d20ea64e8073.jpg,,Abudefduf,Pomacentridae,Ovalentaria/misc,Actinopterygii,0
0e60e33b-a374-400b-912b-9146e13800a4.jpg,,Abudefduf,Pomacentridae,Ovalentaria/misc,Actinopterygii,0
Abvai_u1.jpg,Abudefduf vaigiensis,Abudefduf,Pomacentridae,Ovalentaria/misc,Actinopteri,0
001f557b-c1ce-4743-a99c-5a460a31c030.jpg,,Abudefduf,Pomacentridae,Ovalentaria/misc,Actinopterygii,0
6b2ea1eb-e62a-4381-9d29-864b07ebc9a4.jpg,,Abudefduf,Pomacentridae,Ovalentaria/misc,Actinopterygii,0
1c464694-59ad-4676-9dda-a9aa90be2ca6.jpg,,Abudefduf,Pomacentridae,Ovalentaria/misc,Actinopterygii,0
bdc689f1-b74c-43f0-950d-385e0a344086.jpg,,Abudefduf,Pomacentridae,Ovalentaria/misc,Actinopterygii,0
bb833071-5e02-438c-8971-a4f04326ad75.jpg,,Abudefduf,Pomacentridae,Ovalentaria/misc,Actinopterygii,0
43005962-f014-4fe7-a9ab-7db37555d42b.jpg,,Abudefduf,Pomacentridae,Ovalentaria/misc,Actinopterygii,0
Abvai_ub.jpg,Abudefduf vaigiensis,Abudefduf,Pomacentridae,Ovalentaria/misc,Actinopteri,0
d8f3100b-457b-45ff-9942-10ad72c73a11.jpg,,Abudefduf,Pomacentridae,Ovalentaria/misc,Actinopterygii,0
bf35f8c9-27fd-4d76-95ff-55cc6a4473c7.jpg,,Abudefduf,Pomacentridae,Ovalentaria/misc,Actinopterygii,0
903e70f0-44db-4e8b-b0f2-40d969a3305d.jpg,,Abudefduf,Pomacentridae,Ovalentaria/misc,Actinopterygii,0
e3559dc3-0197-4e90-aa8c-f214489e15ff.jpg,,Abudefduf,Pomacentridae,Ovalentaria/misc,Actinopterygii,0
Abvai_u3.jpg,Abudefduf vaigiensis,Abudefduf,Pomacentridae,Ovalentaria/misc,Actinopteri,0
58b2b168-42b2-41b2-9768-d72e7adeb712.jpg,,Abudefduf,Pomacentridae,Ovalentaria/misc,Actinopterygii,0
1475da81-b8b4-40d5-a73f-f21f29bf03f0.jpg,,Abudefduf,Pomacentridae,Ovalentaria/misc,Actinopterygii,0
25738d5d-79a2-4bfb-a527-d38350aeae7c.jpg,,Abudefduf,Pomacentridae,Ovalentaria/misc,Actinopterygii,0
528bb1dd-41b4-4de7-8152-bb8a3a809619.jpg,,Abudefduf,Pomacentridae,Ovalentaria/misc,Actinopterygii,0
fe9fd2ec-0052-4010-ade9-f1ee3283856b.jpg,,Abudefduf,Pomacentridae,Ovalentaria/misc,Actinopterygii,0
a7616460-738d-4fe7-826d-4d4cd816e2e1.jpg,,Abudefduf,Pomacentridae,Ovalentaria/misc,Actinopterygii,0
fdd0b07a-e5f6-4389-a8ee-e1e1e9a6db56.jpg,,Abudefduf,Pomacentridae,Ovalentaria/misc,Actinopterygii,0
4df508b4-42e3-4a2b-bd53-523ec7a0a1dc.jpg,,Abudefduf,Pomacentridae,Ovalentaria/misc,Actinopterygii,0
60326713-4a31-4ace-96f1-601b4ca79a6d.jpg,,Abudefduf,Pomacentridae,Ovalentaria/misc,Actinopterygii,0
e1a5c4bd-1c75-4601-973f-5c30398cd7e3.jpg,,Abudefduf,Pomacentridae,Ovalentaria/misc,Actinopterygii,0
0008e384-8ff5-4931-b017-e6c704aaa18f.jpg,,Abudefduf,Pomacentridae,Ovalentaria/misc,Actinopterygii,0
e29e4ec7-61ac-4aa4-90bb-a5ea36aa0994.jpg,,Abudefduf,Pomacentridae,Ovalentaria/misc,Actinopterygii,0
d86ba013-4392-4778-ae73-56754c410f3d.jpg,,Abudefduf,Pomacentridae,Ovalentaria/misc,Actinopterygii,0
f3852ea6-ca95-456f-b9a9-30d89d3aa237.jpg,,Abudefduf,Pomacentridae,Ovalentaria/misc,Actinopterygii,0
5a5f67ee-af17-4fd0-890d-4fa3a3f416f7.jpg,,Abudefduf,Pomacentridae,Ovalentaria/misc,Actinopterygii,0
d2f4aeb1-1bcc-4cfe-a0bf-db3bb1125e0a.jpg,,Abudefduf,Pomacentridae,Ovalentaria/misc,Actinopterygii,0
00947597-006c-4ce1-97fb-1ae1e34ee23c.jpg,,Abudefduf,Pomacentridae,Ovalentaria/misc,Actinopterygii,0
213e7fe4-4ee0-4a86-9beb-83ae35af1b9b.jpg,,Abudefduf,Pomacentridae,Ovalentaria/misc,Actinopterygii,0
b3a1a5df-e879-4764-9536-52c9a7c40cd4.jpg,,Abudefduf,Pomacentridae,Ovalentaria/misc,Actinopterygii,0
8b9a1b9b-d3b7-4022-bb28-df89d271caeb.jpg,,Abudefduf,Pomacentridae,Ovalentaria/misc,Actinopterygii,0
74e716c5-5107-40bd-b530-27ab069e663f.jpg,,Abudefduf,Pomacentridae,Ovalentaria/misc,Actinopterygii,0
b39f55b4-1351-4c74-b896-420023246e82.jpg,,Abudefduf,Pomacentridae,Ovalentaria/misc,Actinopterygii,0
5ca596da-b572-425f-8144-7ee561f813e6.jpg,,Abudefduf,Pomacentridae,Ovalentaria/misc,Actinopterygii,0
ef58de54-2e23-49e1-8b8a-5ceaae083eb2.jpg,,Abudefduf,Pomacentridae,Ovalentaria/misc,Actinopterygii,0
d239cc1f-2869-4b05-b4e1-5bbda45b770c.jpg,,Abudefduf,Pomacentridae,Ovalentaria/misc,Actinopterygii,0
3d6ebcf5-e15f-46ab-aa6e-8b8e96fb7fba.jpg,,Abudefduf,Pomacentridae,Ovalentaria/misc,Actinopterygii,0
b92afa92-f718-4e93-b9a7-9e1fa4747cc2.jpg,,Abudefduf,Pomacentridae,Ovalentaria/misc,Actinopterygii,0
ebdf92ff-c0fd-4564-96f8-cd8e8818916a.jpg,,Abudefduf,Pomacentridae,Ovalentaria/misc,Actinopterygii,0
41681ecf-7393-4638-b522-ccb45998c7ef.jpg,,Abudefduf,Pomacentridae,Ovalentaria/misc,Actinopterygii,0
95418dfe-92c4-4272-b517-0689401d5dbf.jpg,,Abudefduf,Pomacentridae,Ovalentaria/misc,Actinopterygii,0
264b0c92-3732-454b-9b63-47bda5f022c3.jpg,,Abudefduf,Pomacentridae,Ovalentaria/misc,Actinopterygii,0
94a97538-b51a-4e41-a630-c95435e6b05d.jpg,,Abudefduf,Pomacentridae,Ovalentaria/misc,Actinopterygii,0
d06ab6ab-e905-4d70-8dfc-f21abb3159ea.jpg,,Abudefduf,Pomacentridae,Ovalentaria/misc,Actinopterygii,0
f1ac61d5-cabc-4a54-8e2b-3b6e58a41ec7.jpg,,Abudefduf,Pomacentridae,Ovalentaria/misc,Actinopterygii,0
833d89f9-be80-4d3b-af8c-3aa2d4823d6b.jpg,,Abudefduf,Pomacentridae,Ovalentaria/misc,Actinopterygii,0
2000fcbb-24f2-4148-84d1-e8549b0efead.jpg,,Abudefduf,Pomacentridae,Ovalentaria/misc,Actinopterygii,0
8194fbd4-a58d-44a7-abc3-1ce300e5bb61.jpg,,Abudefduf,Pomacentridae,Ovalentaria/misc,Actinopterygii,0
f6e9eede-f645-49ef-b02f-a5172ba35613.jpg,,Abudefduf,Pomacentridae,Ovalentaria/misc,Actinopterygii,0
4d1319a6-6664-4ca5-939f-684e1f2c3fc0.jpg,,Abudefduf,Pomacentridae,Ovalentaria/misc,Actinopterygii,0
64974ce0-a258-41e5-b69b-f5dea444d79f.jpg,,Abudefduf,Pomacentridae,Ovalentaria/misc,Actinopterygii,0
3fd2709b-95a4-49c1-9669-b8815876d208.jpg,,Abudefduf,Pomacentridae,Ovalentaria/misc,Actinopterygii,0
b35f0b02-bf33-4120-83c8-bf8c5203e24a.jpg,,Abudefduf,Pomacentridae,Ovalentaria/misc,Actinopterygii,0
69a2e8ca-9f7b-472b-996b-9f5dcba39b70.jpg,,Abudefduf,Pomacentridae,Ovalentaria/misc,Actinopterygii,0
98e71b3d-6aa9-4f06-a9a7-67a47b3b02c1.jpg,,Abudefduf,Pomacentridae,Ovalentaria/misc,Actinopterygii,0
edf96b87-340a-4832-80e2-7b61165fe9e9.jpg,,Abudefduf,Pomacentridae,Ovalentaria/misc,Actinopterygii,0
e1d11f7f-50e0-420f-9a42-d2ade912ebca.jpg,,Abudefduf,Pomacentridae,Ovalentaria/misc,Actinopterygii,0
aae10973-970c-4f75-abf2-7a6b77c61c02.jpg,,Abudefduf,Pomacentridae,Ovalentaria/misc,Actinopterygii,0
2e4ca60d-8e5f-423f-806d-fd9c7e584a95.jpg,,Abudefduf,Pomacentridae,Ovalentaria/misc,Actinopterygii,0
a0b4fdd5-408b-4513-b446-4794755afcfb.jpg,,Abudefduf,Pomacentridae,Ovalentaria/misc,Actinopterygii,0
bc5e3a17-bd8d-486c-99f4-d2b0d5112b2c.jpg,,Abudefduf,Pomacentridae,Ovalentaria/misc,Actinopterygii,0
e3bc31b9-183d-4993-a66c-74318f60c9f2.jpg,,Abudefduf,Pomacentridae,Ovalentaria/misc,Actinopterygii,0
74371648-22e9-4def-98f4-a8e9dc0b8e57.jpg,,Abudefduf,Pomacentridae,Ovalentaria/misc,Actinopterygii,0
7f105ff1-14a7-4069-b149-3ef5088fb703.jpg,,Abudefduf,Pomacentridae,Ovalentaria/misc,Actinopterygii,0
8a3d3fe5-3f04-42ce-be1b-b10104befa45.jpg,,Abudefduf,Pomacentridae,Ovalentaria/misc,Actinopterygii,0
725b1379-615e-41b9-ae34-fe77e76f966e.jpg,,Abudefduf,Pomacentridae,Ovalentaria/misc,Actinopterygii,0
a69912f0-4118-4272-8e2c-b76a8bfde7d8.jpg,,Abudefduf,Pomacentridae,Ovalentaria/misc,Actinopterygii,0
66c9245d-8e51-4526-bc9a-805ef51f54a8.jpg,,Abudefduf,Pomacentridae,Ovalentaria/misc,Actinopterygii,0
38e6e4c5-bf60-4374-b064-fe3c6c6ef751.jpg,,Abudefduf,Pomacentridae,Ovalentaria/misc,Actinopterygii,0
ff9bc143-7cf7-4264-b49e-2f316523509a.jpg,,Abudefduf,Pomacentridae,Ovalentaria/misc,Actinopterygii,0
bdfb0493-b61d-4227-b99e-1ef8a3d11f14.jpg,,Abudefduf,Pomacentridae,Ovalentaria/misc,Actinopterygii,0
0927d075-97d6-4a73-8c89-1cc5f83f29e4.jpg,,Abudefduf,Pomacentridae,Ovalentaria/misc,Actinopterygii,0
82722ebb-6991-4b37-9753-8db7f3a49f9e.jpg,,Abudefduf,Pomacentridae,Ovalentaria/misc,Actinopterygii,0
837a0a88-5b03-4734-9f17-4a4734395d14.jpg,,Abudefduf,Pomacentridae,Ovalentaria/misc,Actinopterygii,0
70536f81-a72c-4f93-9ae1-8d7538f3a1f1.jpg,,Lutjanus,Lutjanidae,Perciformes,Actinopterygii,0
e8298683-32b6-465c-91af-95a7d8911a97.jpg,,Lagodon,Sparidae,Perciformes,Actinopterygii,0
46c0b2d0-fba7-4082-8a16-27aa8964bb41.jpg,,Sphyraena,Sphyraenidae,Perciformes,Actinopterygii,0
f590d321-920f-4615-a79f-9612a4c581d6.jpg,,Sphyraena,Sphyraenidae,Perciformes,Actinopterygii,0
9d49a060-c1c6-4780-8e61-7350056621bb.jpg,,Diplodus,Sparidae,Perciformes,Actinopterygii,0
f697e682-0605-4f7d-9bb1-b998843338a2.jpg,,Lagodon,Sparidae,Perciformes,Actinopterygii,0
1e602c35-995c-41d2-a6a8-eeab49f888bb.jpg,,Lutjanus,Lutjanidae,Perciformes,Actinopterygii,0
dd4a7d7f-eb9b-471d-9c36-5d44217f65fa.jpg,,Lagodon,Sparidae,Perciformes,Actinopterygii,0
b3bcd4a1-e9a8-400b-a8bd-3f62b2c8ede4.jpg,,Diplodus,Sparidae,Perciformes,Actinopterygii,0
5b3836de-6e78-4636-a32f-407f1b13be9e.jpg,,Diplodus,Sparidae,Perciformes,Actinopterygii,0
65550d26-0144-4f3a-8a6c-efdc07091ca1.jpg,,Diplodus,Sparidae,Perciformes,Actinopterygii,0
6a9bff03-a9f8-4004-b8c9-10aa31fb3d60.jpg,,Diplodus,Sparidae,Perciformes,Actinopterygii,0
b05d70e7-173d-4bfe-97a1-6cbe972584fa.jpg,,Diplodus,Sparidae,Perciformes,Actinopterygii,0
275b695d-206b-45aa-8a62-35a7929b0fdf.jpg,,Diplodus,Sparidae,Perciformes,Actinopterygii,0
b5323216-5b62-42ee-bc3c-ce31e8238962.jpg,,Lepomis,Centrarchidae,Perciformes,Actinopterygii,0
214f6827-c9a3-4744-8f7d-57551fc5f445.jpg,,Lagodon,Sparidae,Perciformes,Actinopterygii,0
f85a247a-88c5-483d-8ff7-afee2e8a6c1f.jpg,,Diplodus,Sparidae,Perciformes,Actinopterygii,0
521be86e-3a55-4fe6-b6e4-bce390b350c2.jpg,,Sphyraena,Sphyraenidae,Perciformes,Actinopterygii,0
6ec6abbe-5315-4fd7-a734-01a42d87ccad.jpg,,Diplodus,Sparidae,Perciformes,Actinopterygii,0
ab3edae6-a58c-406f-a2d7-387548019acb.jpg,,Sphyraena,Sphyraenidae,Perciformes,Actinopterygii,0
93b74c60-994a-49e8-8920-6bdd5020aeae.jpg,,Lutjanus,Lutjanidae,Perciformes,Actinopterygii,0
2ce037ae-77c3-450c-81eb-33a47e4f1051.jpg,,Lutjanus,Lutjanidae,Perciformes,Actinopterygii,0
2413fbcb-aee8-472b-94d1-8ae03b8bd67e.jpg,,Diplodus,Sparidae,Perciformes,Actinopterygii,0
99c4c398-05f4-4bde-9cbd-feaa0bf144ac.jpg,,Diplodus,Sparidae,Perciformes,Actinopterygii,0
922f9de6-842a-473a-9ed9-5dec70f63524.jpg,,Sphyraena,Sphyraenidae,Perciformes,Actinopterygii,0
bd31ddae-6b41-4b1b-9cc9-ba7fda8af17f.jpg,,Lutjanus,Lutjanidae,Perciformes,Actinopterygii,0
ecd8b10f-b9f2-455f-aee7-05936e0a0b87.jpg,,Lepomis,Centrarchidae,Perciformes,Actinopterygii,0
bc4b53dd-9cd7-453c-a29d-1ecb3be07873.jpg,,Sphyraena,Sphyraenidae,Perciformes,Actinopterygii,0
a8a62403-02cd-4112-9509-d7b6d56f02c5.jpg,,Sphyraena,Sphyraenidae,Perciformes,Actinopterygii,0
76de28d5-69a2-4f9a-bbad-bab6d3d5d312.jpg,,Lepomis,Centrarchidae,Perciformes,Actinopterygii,0
01c2a728-6799-4af8-ae7e-ea58e22d6229.jpg,,Diplodus,Sparidae,Perciformes,Actinopterygii,0
736399e0-ad38-46d8-a15b-cd6a66c54f0c.jpg,,Lepomis,Centrarchidae,Perciformes,Actinopterygii,0
46183840-394d-4407-bc23-6a55a7d3520d.jpg,,Lutjanus,Lutjanidae,Perciformes,Actinopterygii,0
2f9873fa-1dac-433f-9c45-e514f913bff4.jpg,,Lepomis,Centrarchidae,Perciformes,Actinopterygii,0
94a2f84f-4cab-4724-b574-ad8431012498.jpg,,Diplodus,Sparidae,Perciformes,Actinopterygii,0
95ececa6-d727-4ad4-b4cd-13620665d88a.jpg,,Sphyraena,Sphyraenidae,Perciformes,Actinopterygii,0
4015bcd1-d654-4e41-a180-46fa0276adc4.jpg,,Lepomis,Centrarchidae,Perciformes,Actinopterygii,0
8bc27bf3-a4a6-43c6-8163-0bedb98670bf.jpg,,Lepomis,Centrarchidae,Perciformes,Actinopterygii,0
c280cafb-b00a-49c3-bee1-9e64ef9752a4.jpg,,Diplodus,Sparidae,Perciformes,Actinopterygii,0
333dde6f-559f-4d6f-a6e5-c617e1f7765c.jpg,,Diplodus,Sparidae,Perciformes,Actinopterygii,0
23b2d0c9-b254-4d53-8eaa-7811a2defdf0.jpg,,Diplodus,Sparidae,Perciformes,Actinopterygii,0
bad9afea-8d61-4da1-ac4f-8c267ac0da87.jpg,,Lepomis,Centrarchidae,Perciformes,Actinopterygii,0
5334568d-b362-4025-8bf6-edbde7ead883.jpg,,Diplodus,Sparidae,Perciformes,Actinopterygii,0
416dbaf9-1f37-4d01-8b19-d4e6535c4e25.jpg,,Lepomis,Centrarchidae,Perciformes,Actinopterygii,0
00a5ec2e-bc65-4657-b59d-200a5cc418eb.jpg,,Lutjanus,Lutjanidae,Perciformes,Actinopterygii,0
ba74cfe8-2ca5-4e7c-a15a-ec88ce47b4bc.jpg,,Diplodus,Sparidae,Perciformes,Actinopterygii,0
d9667a86-f2d9-40b2-a01f-5375544d173b.jpg,,Lagodon,Sparidae,Perciformes,Actinopterygii,0
4bd0dfae-51b0-4a1f-aec4-e295441104e3.jpg,,Lagodon,Sparidae,Perciformes,Actinopterygii,0
a0d47b8f-6cc1-4b0d-b538-e0e1ffd7356b.jpg,,Diplodus,Sparidae,Perciformes,Actinopterygii,0
37ff316e-af7f-4c58-afe0-ae9df33ded02.jpg,,Sphyraena,Sphyraenidae,Perciformes,Actinopterygii,0
34595c96-6557-414a-a9ac-c3e1ecf235ff.jpg,,Lutjanus,Lutjanidae,Perciformes,Actinopterygii,0
be068724-28e2-4ed8-acba-1fe7adf53131.jpg,,Sphyraena,Sphyraenidae,Perciformes,Actinopterygii,0
f21bbd6a-6d14-4315-ac29-91e61d079c05.jpg,,Diplodus,Sparidae,Perciformes,Actinopterygii,0
a26390fe-546d-41ed-9f77-e79e94878658.jpg,,Lagodon,Sparidae,Perciformes,Actinopterygii,0
5a35b6ba-624d-4a6a-b98d-448e571b974e.jpg,,Lutjanus,Lutjanidae,Perciformes,Actinopterygii,0
aac788b9-0b83-4703-b050-43111b5cf822.jpg,,Diplodus,Sparidae,Perciformes,Actinopterygii,0
2445fd24-b142-4d55-ace9-8450816f4643.jpg,,Lepomis,Centrarchidae,Perciformes,Actinopterygii,0
159cfc8b-1e96-466f-8fa0-45b87c9182f1.jpg,,Lepomis,Centrarchidae,Perciformes,Actinopterygii,0
f28004a2-6dad-4873-a6e3-4020f9e41638.jpg,,Lepomis,Centrarchidae,Perciformes,Actinopterygii,0
1c5b62db-015e-4329-a7a0-f6c3c8945ce5.jpg,,Lagodon,Sparidae,Perciformes,Actinopterygii,0
880c0f47-7b68-421d-b2c8-66d963eb0a8d.jpg,,Lutjanus,Lutjanidae,Perciformes,Actinopterygii,0
9715081e-9402-4bf0-8ed5-f62e776c82b2.jpg,,Lutjanus,Lutjanidae,Perciformes,Actinopterygii,0
4f3b0c5e-f32d-4b45-bd14-2aa372abf255.jpg,,Lagodon,Sparidae,Perciformes,Actinopterygii,0
9b64bc36-4fe3-4727-8c0b-7e04f61a52eb.jpg,,Lagodon,Sparidae,Perciformes,Actinopterygii,0
327c8e57-86c4-40da-829d-3e6741cee3b7.jpg,,Lagodon,Sparidae,Perciformes,Actinopterygii,0
c19244c7-538c-4d4c-840f-1b51a84aad39.jpg,,Lepomis,Centrarchidae,Perciformes,Actinopterygii,0
3a9bab38-a058-404c-b48e-0b4fdb933c46.jpg,,Diplodus,Sparidae,Perciformes,Actinopterygii,0
0097c84d-24db-4947-a365-2e25e795570c.jpg,,Diplodus,Sparidae,Perciformes,Actinopterygii,0
1df00842-20e1-4d10-8ffd-a9973860baab.jpg,,Sphyraena,Sphyraenidae,Perciformes,Actinopterygii,0
b6a8252b-e8d9-433d-8b74-7ec576171f93.jpg,,Lagodon,Sparidae,Perciformes,Actinopterygii,0
2c0f0742-9e70-45cf-a8f5-21d9df812c57.jpg,,Lepomis,Centrarchidae,Perciformes,Actinopterygii,0
24beb052-7650-4fbf-bc69-f6be6c56952d.jpg,,Lagodon,Sparidae,Perciformes,Actinopterygii,0
105a2cb7-ee86-49f2-9a08-e1a0fa506c20.jpg,,Diplodus,Sparidae,Perciformes,Actinopterygii,0
8fe2ddfd-69bc-4d4b-97cc-d981877de2a9.jpg,,Lagodon,Sparidae,Perciformes,Actinopterygii,0
8a9064f3-a13f-4ca1-92b2-2bfa9247eb3b.jpg,,Lutjanus,Lutjanidae,Perciformes,Actinopterygii,0
1e9b3355-0d6d-4b17-bc44-d89aaa3a9753.jpg,,Lepomis,Centrarchidae,Perciformes,Actinopterygii,0
0d33db3d-8aed-48a1-becd-106e2ede79bd.jpg,,Lutjanus,Lutjanidae,Perciformes,Actinopterygii,0
f2905f9d-2d9a-408f-8018-6802e9e346f2.jpg,,Lagodon,Sparidae,Perciformes,Actinopterygii,0
9d305c79-bbe3-4255-ab64-e6de82089702.jpg,,Sphyraena,Sphyraenidae,Perciformes,Actinopterygii,0
55d0178e-925a-461f-a3c4-9e5fa3d379bb.jpg,,Lagodon,Sparidae,Perciformes,Actinopterygii,0
f395f314-3be3-4fa2-b24c-93919238a9e7.jpg,,Diplodus,Sparidae,Perciformes,Actinopterygii,0
d419a67f-a92e-4885-ba19-1966e1e76e7d.jpg,,Lutjanus,Lutjanidae,Perciformes,Actinopterygii,0
7545c610-209c-47f1-a56f-9dd55a462d75.jpg,,Diplodus,Sparidae,Perciformes,Actinopterygii,0
06dbc654-d021-4ba4-971e-6117f855e200.jpg,,Diplodus,Sparidae,Perciformes,Actinopterygii,0
fbd924e9-0e86-4f37-88af-407e76d50683.jpg,,Sphyraena,Sphyraenidae,Perciformes,Actinopterygii,0
ad1e4cfd-48d1-42af-b9b0-c63f8157fc47.jpg,,Diplodus,Sparidae,Perciformes,Actinopterygii,0
74950643-4bdb-450e-beba-039876f9d6bd.jpg,,Lutjanus,Lutjanidae,Perciformes,Actinopterygii,0
b273768c-aadf-4638-b40d-1a38e8e75894.jpg,,Lutjanus,Lutjanidae,Perciformes,Actinopterygii,0
e5b0426d-b08d-4907-90e4-fcbc84cee456.jpg,,Diplodus,Sparidae,Perciformes,Actinopterygii,0
989d7894-f3fb-4a30-9847-ca3d177a029a.jpg,,Lagodon,Sparidae,Perciformes,Actinopterygii,0
3a8f6e16-85a8-4f56-a7f8-64d0c2d17b75.jpg,,Lepomis,Centrarchidae,Perciformes,Actinopterygii,0
1035b85f-c91b-4411-988d-05200741fbcd.jpg,,Lepomis,Centrarchidae,Perciformes,Actinopterygii,0
d3f7323e-77ba-441a-b434-faaf2d734ca1.jpg,,Lagodon,Sparidae,Perciformes,Actinopterygii,0
53031f61-ac2e-4013-baf0-99d3b7b8ca40.jpg,,Diplodus,Sparidae,Perciformes,Actinopterygii,0
da8c25ad-7ebe-4835-a848-b4f55b705d41.jpg,,Diplodus,Sparidae,Perciformes,Actinopterygii,0
45a92f8c-dd79-4d52-8344-bdbf92a1371a.jpg,,Lagodon,Sparidae,Perciformes,Actinopterygii,0
86d2a579-18b3-42fb-ae16-7fd322556b65.jpg,,Lutjanus,Lutjanidae,Perciformes,Actinopterygii,0
c0a00dd6-834c-4db0-a926-f1782c99d7f9.jpg,,Lepomis,Centrarchidae,Perciformes,Actinopterygii,0
c2face69-de6a-4731-b20e-6e4919cee29f.jpg,,Lepomis,Centrarchidae,Perciformes,Actinopterygii,0
28ba56f2-43d9-48dd-a480-31a80af69d14.jpg,,Sphyraena,Sphyraenidae,Perciformes,Actinopterygii,0
0069e8ac-7525-463f-a269-afeb6828f2d3.jpg,,Lagodon,Sparidae,Perciformes,Actinopterygii,0
d8735e68-b9e7-474a-97a0-b8786f1d6db7.jpg,,Diplodus,Sparidae,Perciformes,Actinopterygii,0
5df53d8d-e75d-4a8b-a2bd-1b4ac32d5b9d.jpg,,Diplodus,Sparidae,Perciformes,Actinopterygii,0
9f653e15-d879-4911-98cb-0a9a4929a206.jpg,,Sphyraena,Sphyraenidae,Perciformes,Actinopterygii,0
f689dd8f-4790-4662-9a33-069cb718c621.jpg,,Lutjanus,Lutjanidae,Perciformes,Actinopterygii,0
455d92a3-feaf-42a7-937c-fe412eade4d1.jpg,,Lepomis,Centrarchidae,Perciformes,Actinopterygii,0
476735ff-9aba-466e-8668-0d3a6b05a25b.jpg,,Sphyraena,Sphyraenidae,Perciformes,Actinopterygii,0
d49af275-0ba0-41bb-80e4-29aa916e3e12.jpg,,Diplodus,Sparidae,Perciformes,Actinopterygii,0
3fbd68ea-5f53-4aff-94b3-64cae57cbf1d.jpg,,Diplodus,Sparidae,Perciformes,Actinopterygii,0
c45ccd47-8452-4472-b1c8-48f73fd671cd.jpg,,Lutjanus,Lutjanidae,Perciformes,Actinopterygii,0
7bb86343-457b-4298-ad85-b3331b866bf0.jpg,,Lepomis,Centrarchidae,Perciformes,Actinopterygii,0
5a23d67a-cc73-41e0-ae44-908c66dc74ec.jpg,,Diplodus,Sparidae,Perciformes,Actinopterygii,0
04f55743-afa9-407c-84cf-6b74dd4aa5b0.jpg,,Diplodus,Sparidae,Perciformes,Actinopterygii,0
0f3404df-771b-4589-b803-fa351b67d006.jpg,,Lepomis,Centrarchidae,Perciformes,Actinopterygii,0
3b41c8d3-13be-4a65-b2e8-7a9c100d9af6.jpg,,Lagodon,Sparidae,Perciformes,Actinopterygii,0
8912874e-2969-47f7-b973-eee5d1d3aea2.jpg,,Lepomis,Centrarchidae,Perciformes,Actinopterygii,0
94003ea9-91ad-481e-bbac-972665f68276.jpg,,Lepomis,Centrarchidae,Perciformes,Actinopterygii,0
47617ac8-a1fe-4359-9c9a-6c670b59475b.jpg,,Lepomis,Centrarchidae,Perciformes,Actinopterygii,0
eeb1102c-731f-4185-84f4-fa0cf4126c30.jpg,,Diplodus,Sparidae,Perciformes,Actinopterygii,0
def02f59-acc0-4029-bbfd-5811a9fd059a.jpg,,Sphyraena,Sphyraenidae,Perciformes,Actinopterygii,0
85707830-7b0c-451e-8992-80d36b4ab50c.jpg,,Lutjanus,Lutjanidae,Perciformes,Actinopterygii,0
d96bf899-660b-4339-b51d-6ae4069b231c.jpg,,Diplodus,Sparidae,Perciformes,Actinopterygii,0
ae91a8fa-b9a1-4466-b578-037c6da9ebb2.jpg,,Lepomis,Centrarchidae,Perciformes,Actinopterygii,0
634e1ed5-0b30-4fa8-aa83-562ccfaca38f.jpg,,Lutjanus,Lutjanidae,Perciformes,Actinopterygii,0
01bd9975-c81c-4e84-8b1c-a95775d01394.jpg,,Lagodon,Sparidae,Perciformes,Actinopterygii,0
13ce93e1-0714-4141-8eb9-3d658523cbb6.jpg,,Lepomis,Centrarchidae,Perciformes,Actinopterygii,0
b49b38fe-1608-4e19-b8f9-a44dd721e19b.jpg,,Lutjanus,Lutjanidae,Perciformes,Actinopterygii,0
17ad41a4-a24a-442b-b3f2-3d8cf3896211.jpg,,Lepomis,Centrarchidae,Perciformes,Actinopterygii,0
36998a17-2973-4a4c-9588-6dd0909aa7b7.jpg,,Sphyraena,Sphyraenidae,Perciformes,Actinopterygii,0
e1dd25c3-3ceb-48a5-80a9-5cad2c48a852.jpg,,Lepomis,Centrarchidae,Perciformes,Actinopterygii,0
c2755736-0b27-4586-88ec-4bab543d46c3.jpg,,Sphyraena,Sphyraenidae,Perciformes,Actinopterygii,0
54e876d2-5839-4abb-ac5a-3746865e104e.jpg,,Diplodus,Sparidae,Perciformes,Actinopterygii,0
2f74d18e-66eb-4c2f-b403-20e84b24edfd.jpg,,Sphyraena,Sphyraenidae,Perciformes,Actinopterygii,0
4d742c7f-1459-4308-b246-fa1d1ccfbd26.jpg,,Lepomis,Centrarchidae,Perciformes,Actinopterygii,0
7148ce63-6b08-45c4-a76e-651c144316de.jpg,,Sphyraena,Sphyraenidae,Perciformes,Actinopterygii,0
be982240-6b92-406b-ad2b-8379e42a681c.jpg,,Diplodus,Sparidae,Perciformes,Actinopterygii,0
871fa5d2-d31f-44d2-8f86-69209be44f08.jpg,,Diplodus,Sparidae,Perciformes,Actinopterygii,0
9781cd99-66f7-489e-b30d-572724dba743.jpg,,Lagodon,Sparidae,Perciformes,Actinopterygii,0
a02fb99e-ee58-41c6-80aa-5c942a2ad2c8.jpg,,Lutjanus,Lutjanidae,Perciformes,Actinopterygii,0
39727a87-4f1e-49d9-8b46-a6fc522bd20b.jpg,,Lepomis,Centrarchidae,Perciformes,Actinopterygii,0
3045ee0a-5744-4c7c-894a-bda6794d6912.jpg,,Lutjanus,Lutjanidae,Perciformes,Actinopterygii,0
21c98dfb-05b7-44c7-a312-dc62abf11b00.jpg,,Sphyraena,Sphyraenidae,Perciformes,Actinopterygii,0
69117cfb-f11c-4f3e-a00a-ceb003c2589e.jpg,,Diplodus,Sparidae,Perciformes,Actinopterygii,0
99c83906-070d-443c-bc5b-c785fa123e85.jpg,,Sphyraena,Sphyraenidae,Perciformes,Actinopterygii,0
b9b76070-b842-4a64-8d09-29a5eab10aaa.jpg,,Lutjanus,Lutjanidae,Perciformes,Actinopterygii,0
7b3c33e0-3bc0-4748-97b4-68715f23992f.jpg,,Lagodon,Sparidae,Perciformes,Actinopterygii,0
3e913c1f-0047-4ff3-80de-1ce871ee8798.jpg,,Lepomis,Centrarchidae,Perciformes,Actinopterygii,0
469ed73e-e2c6-4733-ab8f-30bb780e6d6b.jpg,,Diplodus,Sparidae,Perciformes,Actinopterygii,0
4993008f-4208-4c4d-9d68-949341a322db.jpg,,Lagodon,Sparidae,Perciformes,Actinopterygii,0
6a7e623f-6ff3-4db1-9b81-3d35a8d0897c.jpg,,Lutjanus,Lutjanidae,Perciformes,Actinopterygii,0
46d69018-882a-4428-8805-0369596e703e.jpg,,Sphyraena,Sphyraenidae,Perciformes,Actinopterygii,0
2e9afba2-4bea-416c-8d89-d3a0ce0c993d.jpg,,Diplodus,Sparidae,Perciformes,Actinopterygii,0
881e652b-4b81-4609-9efd-e637362593d6.jpg,,Lagodon,Sparidae,Perciformes,Actinopterygii,0
Plind_u1.jpg,Platycephalus indicus,Platycephalus,Platycephalidae,Perciformes/Scorpaenoidei,Actinopteri,0
Plind_ua.jpg,Platycephalus indicus,Platycephalus,Platycephalidae,Perciformes/Scorpaenoidei,Actinopteri,0
Cocro_u6.jpg,Cociella crocodilus,Cociella,Platycephalidae,Perciformes/Scorpaenoidei,Actinopteri,0
Cocro_u0.jpg,Cociella crocodilus,Cociella,Platycephalidae,Perciformes/Scorpaenoidei,Actinopteri,0
Plind_u6.jpg,Platycephalus indicus,Platycephalus,Platycephalidae,Perciformes/Scorpaenoidei,Actinopteri,0
Plind_ud.jpg,Platycephalus indicus,Platycephalus,Platycephalidae,Perciformes/Scorpaenoidei,Actinopteri,0
Plind_u2.jpg,Platycephalus indicus,Platycephalus,Platycephalidae,Perciformes/Scorpaenoidei,Actinopteri,0
Plind_ub.jpg,Platycephalus indicus,Platycephalus,Platycephalidae,Perciformes/Scorpaenoidei,Actinopteri,0
Cocro_u2.jpg,Cociella crocodilus,Cociella,Platycephalidae,Perciformes/Scorpaenoidei,Actinopteri,0
Injap_u1.jpg,Inegocia japonica,Inegocia,Platycephalidae,Perciformes/Scorpaenoidei,Actinopteri,0
Plind_u4.jpg,Platycephalus indicus,Platycephalus,Platycephalidae,Perciformes/Scorpaenoidei,Actinopteri,0
Cocro_u1.jpg,Cociella crocodilus,Cociella,Platycephalidae,Perciformes/Scorpaenoidei,Actinopteri,0
Injap_u2.jpg,Inegocia japonica,Inegocia,Platycephalidae,Perciformes/Scorpaenoidei,Actinopteri,0
Plind_u3.jpg,Platycephalus indicus,Platycephalus,Platycephalidae,Perciformes/Scorpaenoidei,Actinopteri,0
Plind_u9.jpg,Platycephalus indicus,Platycephalus,Platycephalidae,Perciformes/Scorpaenoidei,Actinopteri,0
Plind_uc.jpg,Platycephalus indicus,Platycephalus,Platycephalidae,Perciformes/Scorpaenoidei,Actinopteri,0
Cocro_u8.jpg,Cociella crocodilus,Cociella,Platycephalidae,Perciformes/Scorpaenoidei,Actinopteri,0
Plind_u7.jpg,Platycephalus indicus,Platycephalus,Platycephalidae,Perciformes/Scorpaenoidei,Actinopteri,0
Cocro_u3.jpg,Cociella crocodilus,Cociella,Platycephalidae,Perciformes/Scorpaenoidei,Actinopteri,0
Cocro_u5.jpg,Cociella crocodilus,Cociella,Platycephalidae,Perciformes/Scorpaenoidei,Actinopteri,0
Injap_u5.jpg,Inegocia japonica,Inegocia,Platycephalidae,Perciformes/Scorpaenoidei,Actinopteri,0
Cocro_u4.jpg,Cociella crocodilus,Cociella,Platycephalidae,Perciformes/Scorpaenoidei,Actinopteri,0
Ingut_u0.jpg,Cociella crocodilus,Cociella,Platycephalidae,Perciformes/Scorpaenoidei,Actinopteri,0
Plind_u0.jpg,Platycephalus indicus,Platycephalus,Platycephalidae,Perciformes/Scorpaenoidei,Actinopteri,0
Epmar_u4.jpg,Epinephelus marginatus,Epinephelus,Serranidae,Perciformes/Serranoidei,Actinopteri,0
Secab_u0.jpg,Serranus cabrilla,Serranus,Serranidae,Perciformes/Serranoidei,Actinopteri,0
Sehep_u2.jpg,Serranus hepatus,Serranus,Serranidae,Perciformes/Serranoidei,Actinopteri,0
Epmar_u1.jpg,Epinephelus marginatus,Epinephelus,Serranidae,Perciformes/Serranoidei,Actinopteri,0
Epcoi_u4.jpg,Epinephelus coioides,Epinephelus,Serranidae,Perciformes/Serranoidei,Actinopteri,0
Sehep_u1.jpg,Serranus hepatus,Serranus,Serranidae,Perciformes/Serranoidei,Actinopteri,0
Epcoi_u9.jpg,Epinephelus coioides,Epinephelus,Serranidae,Perciformes/Serranoidei,Actinopteri,0
Epmar_u8.jpg,Epinephelus marginatus,Epinephelus,Serranidae,Perciformes/Serranoidei,Actinopteri,0
Epmar_u9.jpg,Epinephelus marginatus,Epinephelus,Serranidae,Perciformes/Serranoidei,Actinopteri,0
Epmar_u0.jpg,Epinephelus marginatus,Epinephelus,Serranidae,Perciformes/Serranoidei,Actinopteri,0
Epmar_ua.jpg,Epinephelus marginatus,Epinephelus,Serranidae,Perciformes/Serranoidei,Actinopteri,0
Epmar_ub.jpg,Epinephelus marginatus,Epinephelus,Serranidae,Perciformes/Serranoidei,Actinopteri,0
Epmar_u7.jpg,Epinephelus marginatus,Epinephelus,Serranidae,Perciformes/Serranoidei,Actinopteri,0
Epmar_u2.jpg,Epinephelus marginatus,Epinephelus,Serranidae,Perciformes/Serranoidei,Actinopteri,0
Epcoi_u6.jpg,Epinephelus coioides,Epinephelus,Serranidae,Perciformes/Serranoidei,Actinopteri,0
Epmar_u5.jpg,Epinephelus marginatus,Epinephelus,Serranidae,Perciformes/Serranoidei,Actinopteri,0
Epcoi_u3.jpg,Epinephelus coioides,Epinephelus,Serranidae,Perciformes/Serranoidei,Actinopteri,0
Secab_u8.jpg,Serranus cabrilla,Serranus,Serranidae,Perciformes/Serranoidei,Actinopteri,0
Epcoi_ub.jpg,Epinephelus coioides,Epinephelus,Serranidae,Perciformes/Serranoidei,Actinopteri,0
Epmar_j1.jpg,Epinephelus marginatus,Epinephelus,Serranidae,Perciformes/Serranoidei,Actinopteri,0
Secab_u9.jpg,Serranus cabrilla,Serranus,Serranidae,Perciformes/Serranoidei,Actinopteri,0
Epmar_ue.jpg,Epinephelus marginatus,Epinephelus,Serranidae,Perciformes/Serranoidei,Actinopteri,0
Epmar_uc.jpg,Epinephelus marginatus,Epinephelus,Serranidae,Perciformes/Serranoidei,Actinopteri,0
Secab_u1.jpg,Serranus cabrilla,Serranus,Serranidae,Perciformes/Serranoidei,Actinopteri,0
Epcoi_ua.jpg,Epinephelus coioides,Epinephelus,Serranidae,Perciformes/Serranoidei,Actinopteri,0
Epcoi_u2.jpg,Epinephelus coioides,Epinephelus,Serranidae,Perciformes/Serranoidei,Actinopteri,0
Epmar_u3.jpg,Epinephelus marginatus,Epinephelus,Serranidae,Perciformes/Serranoidei,Actinopteri,0
Epcoi_u8.jpg,Epinephelus coioides,Epinephelus,Serranidae,Perciformes/Serranoidei,Actinopteri,0
Secab_u4.jpg,Serranus cabrilla,Serranus,Serranidae,Perciformes/Serranoidei,Actinopteri,0
Secab_u5.jpg,Serranus cabrilla,Serranus,Serranidae,Perciformes/Serranoidei,Actinopteri,0
921be3f3-5573-44ae-8314-50b1fb264c57.jpg,,Plotosus,Plotosidae,Siluriformes,Actinopterygii,0
c91937ab-a86b-4236-902c-2ef0e53b5c4d.jpg,,Plotosus,Plotosidae,Siluriformes,Actinopterygii,0
d3a69a1a-dbec-43e0-a1d6-8ab227fd08bd.jpg,,Plotosus,Plotosidae,Siluriformes,Actinopterygii,0
b8e2c931-ef15-4ddd-97d7-1645b1ccf829.jpg,,Plotosus,Plotosidae,Siluriformes,Actinopterygii,0
8474735d-c924-43ab-ac1a-5276ad8aefdf.jpg,,Plotosus,Plotosidae,Siluriformes,Actinopterygii,0
b9ff2e48-4ea2-4a03-8481-1acec2ba4499.jpg,,Plotosus,Plotosidae,Siluriformes,Actinopterygii,0
Pllin_ua.jpg,Plotosus lineatus,Plotosus,Plotosidae,Siluriformes,Actinopteri,0
6f5e1658-1669-4fbd-9145-253d2d65f4d6.jpg,,Plotosus,Plotosidae,Siluriformes,Actinopterygii,0
cc7f7041-1bdc-49cf-9e40-8cf77d019ea9.jpg,,Plotosus,Plotosidae,Siluriformes,Actinopterygii,0
09a021fd-d3c2-4e2b-99a7-8d788e134994.jpg,,Plotosus,Plotosidae,Siluriformes,Actinopterygii,0
362b04c5-ce7b-48fb-afae-7598272e2b49.jpg,,Plotosus,Plotosidae,Siluriformes,Actinopterygii,0
7d25d26b-40f9-462a-99a2-d2e6d5e7f26a.jpg,,Plotosus,Plotosidae,Siluriformes,Actinopterygii,0
07aaa6f7-1c55-4da5-a804-a88a83a6d145.jpg,,Plotosus,Plotosidae,Siluriformes,Actinopterygii,0
efdf3afb-c550-44e7-a4a7-b5712fda35df.jpg,,Plotosus,Plotosidae,Siluriformes,Actinopterygii,0
d074a331-9b45-4b83-9639-17cbc7e622d6.jpg,,Plotosus,Plotosidae,Siluriformes,Actinopterygii,0
207448c8-f33e-4192-af0f-a42efc56566b.jpg,,Plotosus,Plotosidae,Siluriformes,Actinopterygii,0
949d102a-6b53-4918-a575-a5b3e856497a.jpg,,Plotosus,Plotosidae,Siluriformes,Actinopterygii,0
939eab9d-28b3-4af1-a0a2-5bf07b5b7f2c.jpg,,Plotosus,Plotosidae,Siluriformes,Actinopterygii,0
e53f1698-a0ed-4cc2-8b41-e0e8df919a9b.jpg,,Plotosus,Plotosidae,Siluriformes,Actinopterygii,0
a03b99a3-10c9-4e2a-ae5b-bf20480df4a1.jpg,,Plotosus,Plotosidae,Siluriformes,Actinopterygii,0
8dfddf4d-f2da-4d38-8fb1-dbe4f6293b01.jpg,,Plotosus,Plotosidae,Siluriformes,Actinopterygii,0
b1f2f358-1921-4a44-b438-d824d659d9c6.jpg,,Plotosus,Plotosidae,Siluriformes,Actinopterygii,0
63067967-6a67-4a26-9798-60e17454170a.jpg,,Plotosus,Plotosidae,Siluriformes,Actinopterygii,0
d8e65881-6370-4ddd-a5ae-1c3650b395db.jpg,,Plotosus,Plotosidae,Siluriformes,Actinopterygii,0
1a387709-41f7-4e81-ac2d-a21a5f636ff6.jpg,,Plotosus,Plotosidae,Siluriformes,Actinopterygii,0
fc71fc4e-9fea-42c2-8128-4534ba06d534.jpg,,Plotosus,Plotosidae,Siluriformes,Actinopterygii,0
2e50189c-ba9c-45be-b3cd-2dd9fedac8d0.jpg,,Plotosus,Plotosidae,Siluriformes,Actinopterygii,0
a3a8e46f-bd79-4ed6-9703-7aec6ac731b2.jpg,,Plotosus,Plotosidae,Siluriformes,Actinopterygii,0
cb6d9ab9-ccdc-4a22-ae5c-b61700a5f3d7.jpg,,Plotosus,Plotosidae,Siluriformes,Actinopterygii,0
9e05c073-9384-4144-92a3-b86aaef41121.jpg,,Plotosus,Plotosidae,Siluriformes,Actinopterygii,0
5dca190f-b1f9-4098-a08f-120f054cdc0d.jpg,,Plotosus,Plotosidae,Siluriformes,Actinopterygii,0
5a41e269-4fc4-44d6-9ec6-532a7814587d.jpg,,Plotosus,Plotosidae,Siluriformes,Actinopterygii,0
aecfb8e7-d8a2-4fb5-b835-2225183992e2.jpg,,Plotosus,Plotosidae,Siluriformes,Actinopterygii,0
85c34246-efda-4dcf-86ea-479f45e62fe9.jpg,,Plotosus,Plotosidae,Siluriformes,Actinopterygii,0
3972ddec-3d44-4414-836a-cf14d8ca3f05.jpg,,Plotosus,Plotosidae,Siluriformes,Actinopterygii,0
d2cb4299-e831-483e-85d1-26d98719f387.jpg,,Plotosus,Plotosidae,Siluriformes,Actinopterygii,0
7fb30a61-ce71-4387-bedb-a7334a6762ac.jpg,,Plotosus,Plotosidae,Siluriformes,Actinopterygii,0
93f6344c-d11f-48eb-a080-f0a0bf04ddae.jpg,,Plotosus,Plotosidae,Siluriformes,Actinopterygii,0
f8008d43-e19b-4570-bc78-d5a17394aab5.jpg,,Plotosus,Plotosidae,Siluriformes,Actinopterygii,0
Pllin_u1.jpg,Plotosus lineatus,Plotosus,Plotosidae,Siluriformes,Actinopteri,0
93db5812-aab0-4b74-8ea5-72dd163da5de.jpg,,Plotosus,Plotosidae,Siluriformes,Actinopterygii,0
810f528d-ff32-4f21-afea-bbdfa448a143.jpg,,Plotosus,Plotosidae,Siluriformes,Actinopterygii,0
36751828-79b4-4289-9e6d-f223787ca8f6.jpg,,Plotosus,Plotosidae,Siluriformes,Actinopterygii,0
1a203509-1d05-4a1f-bfc2-db106b6e1b5c.jpg,,Plotosus,Plotosidae,Siluriformes,Actinopterygii,0
04a5053e-1c71-435d-a8b2-e7732c064158.jpg,,Plotosus,Plotosidae,Siluriformes,Actinopterygii,0
96054cac-ec66-4dea-acd3-ad13842b3ff9.jpg,,Plotosus,Plotosidae,Siluriformes,Actinopterygii,0
d80180c2-4e67-4ed3-9ce1-74e88d01cb36.jpg,,Plotosus,Plotosidae,Siluriformes,Actinopterygii,0
a342ba34-e3d8-4893-87d2-55a01b782ae6.jpg,,Plotosus,Plotosidae,Siluriformes,Actinopterygii,0
7436e56b-7b98-4a53-8273-3e1da193045e.jpg,,Plotosus,Plotosidae,Siluriformes,Actinopterygii,0
01315baf-455f-49ab-99de-45e171b501cf.jpg,,Plotosus,Plotosidae,Siluriformes,Actinopterygii,0
5b68fcc5-1b5b-44b4-b30f-ff3d506f2e18.jpg,,Plotosus,Plotosidae,Siluriformes,Actinopterygii,0
8d676c4b-f4c7-4e9c-a980-60c0212bd042.jpg,,Plotosus,Plotosidae,Siluriformes,Actinopterygii,0
be12ef8e-59cf-4f4f-af8f-6ec13c3af28d.jpg,,Plotosus,Plotosidae,Siluriformes,Actinopterygii,0
5bc0500b-f4c5-4553-a643-3273f6759153.jpg,,Plotosus,Plotosidae,Siluriformes,Actinopterygii,0
aa90f82e-f4ca-480b-babb-6d964c6cf8a3.jpg,,Plotosus,Plotosidae,Siluriformes,Actinopterygii,0
91d1f0b7-c5dc-4dad-ad11-dc0e51300746.jpg,,Plotosus,Plotosidae,Siluriformes,Actinopterygii,0
Pllin_uc.jpg,Plotosus lineatus,Plotosus,Plotosidae,Siluriformes,Actinopteri,0
e2aee535-970c-4f74-9927-ac500d8ed9f3.jpg,,Plotosus,Plotosidae,Siluriformes,Actinopterygii,0
75ee53a9-61eb-40b8-835f-8fbd191fda2b.jpg,,Plotosus,Plotosidae,Siluriformes,Actinopterygii,0
47ee35c8-69e9-47d9-ac79-8925e7d17eb3.jpg,,Plotosus,Plotosidae,Siluriformes,Actinopterygii,0
74ed846f-544f-4642-a265-93a7def392d7.jpg,,Plotosus,Plotosidae,Siluriformes,Actinopterygii,0
9891ab79-fca9-4339-ad64-122bad4a1c66.jpg,,Plotosus,Plotosidae,Siluriformes,Actinopterygii,0
19b279b2-1b41-4300-93e5-c82af9a9379c.jpg,,Plotosus,Plotosidae,Siluriformes,Actinopterygii,0
5164fcc0-04c7-48c0-a85f-69d7eadedb82.jpg,,Plotosus,Plotosidae,Siluriformes,Actinopterygii,0
1a283b06-2cf2-4cb7-b0d7-e9fbe787f4fe.jpg,,Plotosus,Plotosidae,Siluriformes,Actinopterygii,0
0e231729-9885-493a-a493-cfdabeaeb36f.jpg,,Plotosus,Plotosidae,Siluriformes,Actinopterygii,0
Pllin_u9.jpg,Plotosus lineatus,Plotosus,Plotosidae,Siluriformes,Actinopteri,0
a4a8300e-9ac4-4a22-a906-9ab5634bbdad.jpg,,Plotosus,Plotosidae,Siluriformes,Actinopterygii,0
f717fae4-3607-464f-a27e-cc60f556937a.jpg,,Plotosus,Plotosidae,Siluriformes,Actinopterygii,0
4ede125b-6e2a-411e-90dd-7f5f71f72f43.jpg,,Plotosus,Plotosidae,Siluriformes,Actinopterygii,0
f5b71dae-9186-4b28-8418-89326ed9a3c5.jpg,,Plotosus,Plotosidae,Siluriformes,Actinopterygii,0
021c82bc-5a22-470e-8793-4c6cd80c5b72.jpg,,Plotosus,Plotosidae,Siluriformes,Actinopterygii,0
78d84cbc-f4ea-4916-bc90-eccc010b1b96.jpg,,Plotosus,Plotosidae,Siluriformes,Actinopterygii,0
6600ce95-8dba-42da-b5a9-b7dac6a32b20.jpg,,Plotosus,Plotosidae,Siluriformes,Actinopterygii,0
060fe5d9-8402-47e6-850c-8eedd4bc1e95.jpg,,Plotosus,Plotosidae,Siluriformes,Actinopterygii,0
1eb68fdd-f0e9-41d6-9774-31eaf2c6d46b.jpg,,Plotosus,Plotosidae,Siluriformes,Actinopterygii,0
a0c23fd3-54f4-4f2f-b593-4baa25fdf93a.jpg,,Plotosus,Plotosidae,Siluriformes,Actinopterygii,0
4a6eec77-6065-4dc0-9d86-27526b7b9cbe.jpg,,Plotosus,Plotosidae,Siluriformes,Actinopterygii,0
64de4daa-2e6e-4e92-ba04-02586d70dee0.jpg,,Plotosus,Plotosidae,Siluriformes,Actinopterygii,0
bed86a24-aaa1-41a7-b1c0-67d4fadb16da.jpg,,Plotosus,Plotosidae,Siluriformes,Actinopterygii,0
ecb75d98-2389-4c9f-9ebc-352bfe3afa5d.jpg,,Plotosus,Plotosidae,Siluriformes,Actinopterygii,0
612fc793-f848-472c-9236-c742e90e6322.jpg,,Plotosus,Plotosidae,Siluriformes,Actinopterygii,0
9897461e-aa58-499b-a5ea-0ec9924cb311.jpg,,Plotosus,Plotosidae,Siluriformes,Actinopterygii,0
bc0d420a-3253-410e-b5a3-b7f74db25e13.jpg,,Plotosus,Plotosidae,Siluriformes,Actinopterygii,0
7eb70291-63cc-49aa-9bc4-85015886c7d9.jpg,,Plotosus,Plotosidae,Siluriformes,Actinopterygii,0
9f7eda29-eb30-494a-aaa2-85972a0fc417.jpg,,Plotosus,Plotosidae,Siluriformes,Actinopterygii,0
2c03786e-141f-4bb3-bab8-adc7fbfefca1.jpg,,Plotosus,Plotosidae,Siluriformes,Actinopterygii,0
4e0396cd-6145-4732-a4f9-49968e60545f.jpg,,Plotosus,Plotosidae,Siluriformes,Actinopterygii,0
415d6a70-a072-44ea-b180-ad1ad2a45a13.jpg,,Plotosus,Plotosidae,Siluriformes,Actinopterygii,0
2ae6b8c0-8686-48b5-9b12-4ba9d84a9c92.jpg,,Plotosus,Plotosidae,Siluriformes,Actinopterygii,0
18edb3be-dcc3-4c74-9303-ee4a28aedb7c.jpg,,Plotosus,Plotosidae,Siluriformes,Actinopterygii,0
c47ce846-c375-43ea-8b44-442e64c2898f.jpg,,Plotosus,Plotosidae,Siluriformes,Actinopterygii,0
450e3383-e270-4ca4-8f68-bb70a39c314b.jpg,,Plotosus,Plotosidae,Siluriformes,Actinopterygii,0
823aa77d-f4fb-4f1f-8ef0-2ce5d314075e.jpg,,Plotosus,Plotosidae,Siluriformes,Actinopterygii,0
b085966f-a844-4cb7-8ec4-fd55807780e6.jpg,,Plotosus,Plotosidae,Siluriformes,Actinopterygii,0
298e2526-9e54-4290-81be-c058b122302c.jpg,,Plotosus,Plotosidae,Siluriformes,Actinopterygii,0
1c3ce27c-4774-441a-b757-4a122ddac666.jpg,,Plotosus,Plotosidae,Siluriformes,Actinopterygii,0
7afe5b9a-d9d5-4542-bd1d-93cd2ae990ab.jpg,,Plotosus,Plotosidae,Siluriformes,Actinopterygii,0
deaf2db1-2745-47a1-8172-1e56f5c3acfb.jpg,,Plotosus,Plotosidae,Siluriformes,Actinopterygii,0
7cfd14a3-4d2b-4748-a533-e7c63b0ffb1d.jpg,,Plotosus,Plotosidae,Siluriformes,Actinopterygii,0
94446be5-6f74-49f5-bff7-a6c260a412da.jpg,,Plotosus,Plotosidae,Siluriformes,Actinopterygii,0
fc2575e6-ce63-4cd2-aa08-df1e2cd2dd00.jpg,,Plotosus,Plotosidae,Siluriformes,Actinopterygii,0
Sysco_u0.jpg,Syngnathus scovelli,Syngnathus,Syngnathidae,Syngnathiformes,Actinopteri,0
Hihip_m0.jpg,Hippocampus hippocampus,Hippocampus,Syngnathidae,Syngnathiformes,Actinopteri,0
31a28138-b41c-47ac-9529-373c7bed4fc7.jpg,,Monacanthus,Monacanthidae,Tetraodontiformes,Actinopterygii,0
a8a2688c-35c9-4bdd-80be-3cd9397530c0.jpg,,Monacanthus,Monacanthidae,Tetraodontiformes,Actinopterygii,0
25c558b2-bb7e-4ca1-9039-2a74ff25e384.jpg,,Monacanthus,Monacanthidae,Tetraodontiformes,Actinopterygii,0
e6e80431-884b-4ae2-93fe-7cdc3fbac5cb.jpg,,Monacanthus,Monacanthidae,Tetraodontiformes,Actinopterygii,0
aee39121-121c-4f1b-93f5-1e65d169359b.jpg,,Monacanthus,Monacanthidae,Tetraodontiformes,Actinopterygii,0
c08bb424-9e79-4579-a7c8-79aec6f0934c.jpg,,Monacanthus,Monacanthidae,Tetraodontiformes,Actinopterygii,0
c1c014f7-fd52-4f3a-8da9-e2a1a0ec463c.jpg,,Monacanthus,Monacanthidae,Tetraodontiformes,Actinopterygii,0
Trbia_u3.jpg,Triacanthus biaculeatus,Triacanthus,Triacanthidae,Tetraodontiformes,Actinopteri,0
Lalun_u1.jpg,Lagocephalus lunaris,Lagocephalus,Tetraodontidae,Tetraodontiformes,Actinopteri,0
baefcede-6345-491b-8632-8a5a508cd1ed.jpg,,Monacanthus,Monacanthidae,Tetraodontiformes,Actinopterygii,0
71e1cec5-213d-41b2-9cbc-79706ac9117b.jpg,,Monacanthus,Monacanthidae,Tetraodontiformes,Actinopterygii,0
Mochi_u3.jpg,Monacanthus chinensis,Monacanthus,Monacanthidae,Tetraodontiformes,Actinopteri,0
9f56507f-5123-4901-9e17-4ad2dd3da34e.jpg,,Monacanthus,Monacanthidae,Tetraodontiformes,Actinopterygii,0
741f88da-b30b-407e-864a-164ac527e1a8.jpg,,Monacanthus,Monacanthidae,Tetraodontiformes,Actinopterygii,0
b70f33d0-6db2-4937-a1af-c62105c88522.jpg,,Monacanthus,Monacanthidae,Tetraodontiformes,Actinopterygii,0
05e89159-c9e3-435f-9a8a-18d99be8b017.jpg,,Monacanthus,Monacanthidae,Tetraodontiformes,Actinopterygii,0
fe84a530-bf04-4600-9710-7826bc446ab9.jpg,,Monacanthus,Monacanthidae,Tetraodontiformes,Actinopterygii,0
dbf43aa1-aeec-4780-83a5-86c7f7fa4a7e.jpg,,Monacanthus,Monacanthidae,Tetraodontiformes,Actinopterygii,0
Lalun_u6.jpg,Lagocephalus lunaris,Lagocephalus,Tetraodontidae,Tetraodontiformes,Actinopteri,0
e46e36f8-43d6-40cb-8373-afebf5b22efb.jpg,,Monacanthus,Monacanthidae,Tetraodontiformes,Actinopterygii,0
17d368ca-3f09-492f-ba34-a685ce9cc87b.jpg,,Monacanthus,Monacanthidae,Tetraodontiformes,Actinopterygii,0
9ea4e1dc-e863-4bfd-8712-ec28574839b9.jpg,,Monacanthus,Monacanthidae,Tetraodontiformes,Actinopterygii,0
e4c42386-3728-499b-8954-8ec0860dc37f.jpg,,Monacanthus,Monacanthidae,Tetraodontiformes,Actinopterygii,0
2916c806-5b4b-4305-b544-23e9073e64fa.jpg,,Monacanthus,Monacanthidae,Tetraodontiformes,Actinopterygii,0
cbdadf65-d482-4bd8-bb66-b6abedeee303.jpg,,Monacanthus,Monacanthidae,Tetraodontiformes,Actinopterygii,0
d1211140-3fc5-4702-b59c-7e26f5885687.jpg,,Monacanthus,Monacanthidae,Tetraodontiformes,Actinopterygii,0
5c846ced-470c-412b-8183-1d9625017ad9.jpg,,Monacanthus,Monacanthidae,Tetraodontiformes,Actinopterygii,0
e687529a-c940-4c76-a74b-c11e224c83ac.jpg,,Monacanthus,Monacanthidae,Tetraodontiformes,Actinopterygii,0
05599a36-16a4-432a-83e7-4f9b190bb044.jpg,,Monacanthus,Monacanthidae,Tetraodontiformes,Actinopterygii,0
3e640da0-a439-456f-bfae-c3a3d3036e96.jpg,,Monacanthus,Monacanthidae,Tetraodontiformes,Actinopterygii,0
9ad3965e-35b8-4523-a474-52c9bff92d14.jpg,,Monacanthus,Monacanthidae,Tetraodontiformes,Actinopterygii,0
3cf2be52-9657-4cd2-a7e5-2686698248bf.jpg,,Monacanthus,Monacanthidae,Tetraodontiformes,Actinopterygii,0
67981bba-2612-4815-8ee5-06732b072840.jpg,,Monacanthus,Monacanthidae,Tetraodontiformes,Actinopterygii,0
ea4ff955-cf4d-45e7-8177-bdfda84b1a36.jpg,,Monacanthus,Monacanthidae,Tetraodontiformes,Actinopterygii,0
d0e92eb0-1f77-4083-9cf8-bcaff5b62a8e.jpg,,Monacanthus,Monacanthidae,Tetraodontiformes,Actinopterygii,0
8535df90-a29e-470f-9c11-d7e8426d8508.jpg,,Monacanthus,Monacanthidae,Tetraodontiformes,Actinopterygii,0
254fed6e-4b46-40b2-9356-e6b66f92aa40.jpg,,Monacanthus,Monacanthidae,Tetraodontiformes,Actinopterygii,0
6bf6cf61-1179-4b8e-b802-4e13e15ebc1b.jpg,,Monacanthus,Monacanthidae,Tetraodontiformes,Actinopterygii,0
c5a597aa-7e30-4f28-bb3e-9f8693eba8c8.jpg,,Monacanthus,Monacanthidae,Tetraodontiformes,Actinopterygii,0
Lalun_u4.jpg,Lagocephalus lunaris,Lagocephalus,Tetraodontidae,Tetraodontiformes,Actinopteri,0
9a8c9b82-47b1-4ab6-a07f-40d625d7fb36.jpg,,Monacanthus,Monacanthidae,Tetraodontiformes,Actinopterygii,0
0f789275-1e57-49ee-bfc7-11e6be3544e4.jpg,,Monacanthus,Monacanthidae,Tetraodontiformes,Actinopterygii,0
11a1b7a7-d1ef-4363-a5dc-e7ecdd7ce89d.jpg,,Monacanthus,Monacanthidae,Tetraodontiformes,Actinopterygii,0
c4ae6688-393d-4828-8f7b-96fac5a96430.jpg,,Monacanthus,Monacanthidae,Tetraodontiformes,Actinopterygii,0
d8faa6c4-055c-4a35-9f1d-9628fef6535f.jpg,,Monacanthus,Monacanthidae,Tetraodontiformes,Actinopterygii,0
fd6eaa25-ee76-4a99-9a1f-932c8fe1e8a2.jpg,,Monacanthus,Monacanthidae,Tetraodontiformes,Actinopterygii,0
90bfd3ea-1c0b-4c0d-a92d-6019c214d5a6.jpg,,Monacanthus,Monacanthidae,Tetraodontiformes,Actinopterygii,0
37abfa74-0bd9-4648-915f-fc2e43fb20a7.jpg,,Monacanthus,Monacanthidae,Tetraodontiformes,Actinopterygii,0
9cef9a1c-7a69-46c9-9a7b-cffb8cf42366.jpg,,Monacanthus,Monacanthidae,Tetraodontiformes,Actinopterygii,0
01d7b03d-a31e-49e5-9d16-ce2d15e7ac54.jpg,,Monacanthus,Monacanthidae,Tetraodontiformes,Actinopterygii,0
b8fdad4c-c84e-4c42-8d08-329c5e86b522.jpg,,Monacanthus,Monacanthidae,Tetraodontiformes,Actinopterygii,0
8e364ee0-ceb5-4e01-8007-4c1bb489c06d.jpg,,Monacanthus,Monacanthidae,Tetraodontiformes,Actinopterygii,0
c33c1eab-c4f5-449b-9885-205aee8a2fbd.jpg,,Monacanthus,Monacanthidae,Tetraodontiformes,Actinopterygii,0
Arimm_u0.jpg,Arothron immaculatus,Arothron,Tetraodontidae,Tetraodontiformes,Actinopteri,0
b67c58c9-89f7-446d-8d14-f4da2893e8e1.jpg,,Monacanthus,Monacanthidae,Tetraodontiformes,Actinopterygii,0
771fbc31-f47f-4d9b-8e4b-ac637d992d4c.jpg,,Monacanthus,Monacanthidae,Tetraodontiformes,Actinopterygii,0
148c089b-86bf-4543-857f-279ed1684cff.jpg,,Monacanthus,Monacanthidae,Tetraodontiformes,Actinopterygii,0
0290824a-9483-455c-8356-1be805579799.jpg,,Monacanthus,Monacanthidae,Tetraodontiformes,Actinopterygii,0
672ab1d5-eccb-440d-9e1d-a555cff3d4d9.jpg,,Monacanthus,Monacanthidae,Tetraodontiformes,Actinopterygii,0
379b5ded-0427-4209-9eea-3c5ed9af8fbb.jpg,,Monacanthus,Monacanthidae,Tetraodontiformes,Actinopterygii,0
643032bd-b180-4d84-a74e-5c572faab0c1.jpg,,Monacanthus,Monacanthidae,Tetraodontiformes,Actinopterygii,0
f81725d8-76f9-471c-bc4e-2d6fe5acd54f.jpg,,Monacanthus,Monacanthidae,Tetraodontiformes,Actinopterygii,0
52963171-312a-4110-bcd1-18976afeb7ad.jpg,,Monacanthus,Monacanthidae,Tetraodontiformes,Actinopterygii,0
7cfe58c2-af05-4374-a47d-dfd6b51e1e13.jpg,,Monacanthus,Monacanthidae,Tetraodontiformes,Actinopterygii,0
1f0779f5-26ec-4a47-b111-b1c937d517f6.jpg,,Monacanthus,Monacanthidae,Tetraodontiformes,Actinopterygii,0
3debd974-d0f7-4b8a-bf62-1e29d8ce7a81.jpg,,Monacanthus,Monacanthidae,Tetraodontiformes,Actinopterygii,0
15f88f9d-b0e2-44e6-8770-309b686bce5c.jpg,,Monacanthus,Monacanthidae,Tetraodontiformes,Actinopterygii,0
1392dbc7-22ba-495a-aff7-4c23b46fe15b.jpg,,Monacanthus,Monacanthidae,Tetraodontiformes,Actinopterygii,0
9987c837-1bd7-4ae1-b578-7a74f48e2703.jpg,,Monacanthus,Monacanthidae,Tetraodontiformes,Actinopterygii,0
Mochi_u5.jpg,Monacanthus chinensis,Monacanthus,Monacanthidae,Tetraodontiformes,Actinopteri,0
0ee3b570-2481-4703-bc5a-71ceb92cb460.jpg,,Monacanthus,Monacanthidae,Tetraodontiformes,Actinopterygii,0
fc8706d4-2214-4293-87d6-cd9e4ce605ea.jpg,,Monacanthus,Monacanthidae,Tetraodontiformes,Actinopterygii,0
53a6499a-e852-443b-b91d-dccb9bbfcee9.jpg,,Monacanthus,Monacanthidae,Tetraodontiformes,Actinopterygii,0
671cb38e-d0ba-4c4f-b10c-435b1458c55f.jpg,,Monacanthus,Monacanthidae,Tetraodontiformes,Actinopterygii,0
7c64c4b3-2f1b-4850-8473-0eafc3761f38.jpg,,Monacanthus,Monacanthidae,Tetraodontiformes,Actinopterygii,0
025518d4-f901-4360-8fb0-b3feb7ee1404.jpg,,Monacanthus,Monacanthidae,Tetraodontiformes,Actinopterygii,0
cb7672bd-4dfa-4a31-bacb-1d3a60f4ba7f.jpg,,Monacanthus,Monacanthidae,Tetraodontiformes,Actinopterygii,0
acd59fdf-94f7-4287-8249-9afc390442e4.jpg,,Monacanthus,Monacanthidae,Tetraodontiformes,Actinopterygii,0
41a18370-8fdd-46c8-9d29-4aa9ad5c8a9b.jpg,,Monacanthus,Monacanthidae,Tetraodontiformes,Actinopterygii,0
6672b0e6-08c6-4eb5-8798-eb857898b3df.jpg,,Monacanthus,Monacanthidae,Tetraodontiformes,Actinopterygii,0
185a9da2-4d3b-4836-881a-75f6968f7162.jpg,,Monacanthus,Monacanthidae,Tetraodontiformes,Actinopterygii,0
b8beff02-21d9-4dbe-a821-d63be7abeb7e.jpg,,Monacanthus,Monacanthidae,Tetraodontiformes,Actinopterygii,0
Lalun_u0.jpg,Lagocephalus lunaris,Lagocephalus,Tetraodontidae,Tetraodontiformes,Actinopteri,0
eaae63ae-7a48-4f3c-b42e-1797bb9cbfb6.jpg,,Monacanthus,Monacanthidae,Tetraodontiformes,Actinopterygii,0
b026f85f-ac62-4edb-8b96-6a584a074e47.jpg,,Monacanthus,Monacanthidae,Tetraodontiformes,Actinopterygii,0
d37df8fc-2789-45e9-b44f-1752a54a9385.jpg,,Monacanthus,Monacanthidae,Tetraodontiformes,Actinopterygii,0
582206a1-ecb3-4760-9db9-323708a98f23.jpg,,Monacanthus,Monacanthidae,Tetraodontiformes,Actinopterygii,0
d5855e16-df8a-428d-91c9-ee740d00fbed.jpg,,Monacanthus,Monacanthidae,Tetraodontiformes,Actinopterygii,0
d9b51c15-179a-4c00-bd9b-17b92342ffae.jpg,,Monacanthus,Monacanthidae,Tetraodontiformes,Actinopterygii,0
07aa9931-f2ec-4936-9319-f59e8103ec44.jpg,,Monacanthus,Monacanthidae,Tetraodontiformes,Actinopterygii,0
3bd79bcc-1827-4c6a-aff6-52327a1dc3dc.jpg,,Monacanthus,Monacanthidae,Tetraodontiformes,Actinopterygii,0
cb8d2758-b107-4693-bb0d-8d8be1f115f4.jpg,,Monacanthus,Monacanthidae,Tetraodontiformes,Actinopterygii,0
ee6538d9-7285-4035-8625-1059db59383c.jpg,,Monacanthus,Monacanthidae,Tetraodontiformes,Actinopterygii,0
9658b287-e0d9-4b41-a787-6da4b612e6d2.jpg,,Monacanthus,Monacanthidae,Tetraodontiformes,Actinopterygii,0
976179dd-097e-428c-899e-ca9cd8f359b6.jpg,,Monacanthus,Monacanthidae,Tetraodontiformes,Actinopterygii,0
48bf8795-c79f-4943-84fd-d3af8c075c3d.jpg,,Monacanthus,Monacanthidae,Tetraodontiformes,Actinopterygii,0
5d9d7931-a4f1-45a0-9e7c-3635755c3774.jpg,,Monacanthus,Monacanthidae,Tetraodontiformes,Actinopterygii,0
3aba6c59-88b4-4849-abef-c8611ebeb35d.jpg,,Monacanthus,Monacanthidae,Tetraodontiformes,Actinopterygii,0
e207ee6e-5d5a-4d73-84c2-2b98a7b1f48b.jpg,,Monacanthus,Monacanthidae,Tetraodontiformes,Actinopterygii,0
